,검색 키워드,검색 범위,글제목,등록일(제안),분야,처리기관(제안),현황및문제점(제안),개선방안(제안),기대효과(제안),첨부파일여부(제안),검토내용(결과),실시결과(결과),첨부파일여부(결과),처리기관(결과),등록일(결과)
0,기후 변화,내용,횡단보도 그늘막지킴이로 안전하고 쾌적한 보행환경 마련,2019-07-02,행정/자치/안전,서울특별시 강남구,현재 횡단보도에는 많은 보행자에게 시원한 그늘을 제공하기 위해 대부분의 횡단보도에 설치가 완료 되었습니다. 문제 1. 무방비로 노출된 핸들 볼트부분은 보행자 및 만취자 보행약자에게는 날카롭게 노출된 부분으로 인한 상해의 위험을 가지고 있습니다. 문제 2. 급격한 기후 변화 강한 바람에 신속한 대처가 늦어질 경우 전도 및 날림으로 인한 보행자가 다칠 수 있는 가능성을 항상 가지고 있어 이에 대한 대책마련이 있어야 할 것으로 판단됩니다.,○ 그늘막 제조 및 관리 과정에서 보행자가 넘어질 경우을 대비한 날카롭지 않는 디자인의 그늘막 선정 시공. ○ 현 설치되어 있는 그늘막에 대한 노출된 핸들 볼트부분에 볼트캡으로 안전하게 보호처리 ○ 그늘막 주변 관계인(통장) 또는 신속하게 대처할 수 있는 사람으로 하여금 그늘막 지킴이로 선정하여 급격하거나 지킴이의 판단으로 강풍 등으로 인한 피해 우려가 있을 시 신속하게 피해방지 조치를 취할 수 있도록한다.,"첫째, 보다 더 안전하고 쾌적한 보행환경을 조성할 수 있을 것이며. 둘째, 그늘막 지킴이를 둠으로서 안전체계의 확보와 안전의식 홍보 및 강화의 방안으로 활용할 수 있다.","
그늘막설치현황_세곡푸르지오사거리.hwp","안녕하세요.'횡단보도 그늘막 지킴이' 제안과 관련하여 심사한 결과, 2019년 3분기 채택제안(노력제안)으로 선정되셨습니다. 2015071711@gangnam.go.kr(담당자 : 전호익)으로 지급계좌를 송부해주시길 바랍니다. 또한, 제안에 대해 소관부서인 재난안전과에서 검토한 결과를 말씀드리도록 하겠습니다. 제안하신 그늘막의 노출된 핸들 볼트부분의 볼트캡 보호처리는 제조업체와 협의 중에 있으며, 2020년부터 그늘막 주변 통(반)장을 관리자로 선임하여 그늘막 사고 및 기상이변시 신속 대처 할 수 있도록 시행할 계획입니다. 우리 기관 업무에 관심과 애정을 가져주신데 대해 감사드리며, 항상 귀 가정의 행복이 가득하기를 기원합니다.","안녕하세요. '횡단보도 그늘막 지킴이' 제안과 관련하여 실시한 내용을 알려드리고자 합니다. 첨부파일의 예시과 같이 그늘막의 노출된 핸들 볼트부분을 보호처리하고 있습니다.  우리 기관 업무에 관심과 애정을 가져주신데 대해 감사드리며, 항상 귀 가정의 행복이 가득하기를 기원합니다.",,서울특별시 강남구,2019-11-11
1,﻿검색 키워드,검색 범위,글제목,등록일(제안),분야,처리기관(제안),현황및문제점(제안),개선방안(제안),기대효과(제안),첨부파일여부(제안),검토내용(결과),실시결과(결과),첨부파일여부(결과),처리기관(결과),등록일(결과)
2,기후변화,제목,환경부 기후변화 홍보대사로 뽀로로를 추천합니다.,2008-09-02,노동/환경,환경부,"갈수록 심화되고 있는 기후변화에 우리나라도 적극적이 대응책 마련을 가속화하고 있습니다. 특히 온실가스 특히 이산화탄소의 특성상 대기 체류시간이 약 200여년이 되는 걸로 알고 있습니다. 이에 지금의 기후변화 징후는 갈수록 심화될 것으로 세계적인 과학적들은 보고서를 통해 경고하고 있습니다. 환경부의 새로운 홍보대사가 아직 구성되지 않고 있는 것으로 알고 있습니다. 다각적인 활용방법과 홍보대사의 임무 등을 규정하고자 그런 것으로 판단됩니다. 이에 금회 홍보대사 중 기후변화 특별홍보대사로 뽀로로를 추천합니다. 뽀로로는 호기심이 많은 꼬마펭귄으로 얼음나라 숲속마을에서 사는 친구죠. 더없이 많은 아이들의 친구이자 세계적으로 이름이 나 있는 친구죠.. 뽀로로가 환경부의 기후변화 홍보대사가 되어야 하는 이유는 기후변화에 가장 큰 영향을 받는 남극에 사는 펭귄이란 점이죠.. 그리고 뽀로로가 사는 곳은 얼음으로 덮여있답니다. 지구온난화로 뽀로로가 살 수 없는 환경이 된다면? 뽀로로의 지명도는 막강합니다. 뽀로로를 통해 아이들에게 교육・홍보자료, 캐릭터를 활용한 다양한 기후변화 놀이 개발 등을 통해 적극적인 기후변화에 대한 중요성을 일깨울 수 있을 것입니다. 다만, 지난 8월이었던가요? 한국환경자원공사에서 뽀로로를 홍보대사로 위촉을 했는데 사실 자원공사의 홍보대사보다는 기후변화에 대한 홍보가 캐릭터의 이미지와 잘 어울린다고 생각합니다. 환경부 산하기관인 환경자원공사와 환경부가 협의하여 추진한다면 기후변화 홍보대사로서 뽀로로는 전세계적으로 틀림없이 제 역할을 다할 것으로 판단합니다. 감사합니다.  http://www.pororo.net/main.htm",,,"
wallpaper_03_1024_kily76.jpg
pororo_wallpaper_06_800.jpg","❍ 심사평 - ‘뽀로로’캐릭터가 기후변화 이미지와 가까운 남극에 사는 펭귄이라는 점, 어린이 및 학부모에게 지명도가 큰 점 등은 뽀로로를 기후변화 홍보대사로 위촉함으로써 기후변화 대응 홍보효과가 클 것으로 판단됨 ・ 현재 우리부는 귀하의 제안대로 ‘뽀로로’ 캐릭터의 기후변화 홍보대사 위촉을 추진하고 있으며, 동 캐릭터는 환경부의 대국민 PR캠페인, 홍보매체, 각종 홍보물에 사용될 예정임",뽀로로를 기후변화 홍보대사로 위촉,,환경부,2008-10-06
3,기후변화,내용,2050 해양수산 탄소중립 시나리오 관련 의견,2021-07-15,국토/교통/농림/해양,해양수산부,"코로나 19이후 기후변화에 대한 심각성을 인식하여, 정부에서는 지난해말 탄소중립 추진 전략을 마련하여 2050 탄소중립 시나리오를 수립하고 있는 것으로 알고 있습니다.  탄소중립을 달성하기 위해서는 우리 일상생활 전 부문에서 변화가 필요하고, 새로운 기술의 개발과 적용이 불가피한 것으로 예상하고 있습니다.  특히, 아직까지 전기추진, 수소연료 등 무탄소 연료를 에너지원으로 하는 기술이 갖추어지지 않은 해운부문에서 대체 선박의 건조 등 민간의 적극적인 협력이 없이는 정부에서 마련한 탄소중립 전략은 허상에 불과할 것으로 보입니다.  더욱이 매일 거친 바다에 나가서 조업을 함으로써 안전한 수산물을 제공하고 있는 어민들은 다른 사람보다 빨리 어장에 도달하고, 먼저 판매하기 위해 서로 경쟁하고 있는 상황에서 어선에서 발생하는 탄소를 고려할 여유가 없는 것이 현실적인 것으로 생각됩니다.  실제 어민들은 우리 미래를 위해 투자하는 친환경 정책들이 내일로 다가오지 않을 가능성이 크고, 그렇다면 정책과 현실의 괴리로 인해 수립된 정책에 그칠 가능성이 큽니다.","이러한 점에 비추어 바다에서 생활하는 시간이 길어 당면한 최근 이슈들을 접하기 어려운 국민들에게 정책의 필요성에 대해 알리고, 현장에서 바로 적용 가능한 우선순위를 마련하기 위해서는 소통의 자리가 무엇보다 중요한 것으로 보입니다.  이러한 장을 사전에 마련하여, 여러 가지 의견을 듣고 정책에 반영하는 절차가 필요합니다. 아직까지 이러한 분야에 대한 정책 소개 자리를 듣지 못해 제안을 드립니다.","이러한 소통의 자리는 정부에서는 실제로 현장에서 적용할 수 있는 정책수단들을 갖추고, 미래세대를 위한 지속가능한 환경이 마련되도록 할 수 있을 것입니다.",,"1. 안녕하십니까? 해양수산부 해양환경정책과 담당자 김형원입니다. 귀하께서 제기하신 국민제안에 대해 다음과 같이 회신하여 드립니다.  2. 귀하의 제안요지는 ‘2050 해양수산 탄소중립 시나리오 수립하기 전에 정책에 대해 설명하고, 이해관계자의 의견을 반영할 것을 요청하는 것으로’ 이해됩니다.  3. 귀하의 제안사항에 대해 검토한 바, 해양수산 탄소중립 시나리오는 범정부 탄소중립 시나리오와 연계하여 수립하기 위해 7월 현재까지 검토가 진행 중이며, 해양수산부에서는 시나리오를 마련하기 전에 지난 5월부터 6월까지 두 차례 아이디어 의견 수렴을 거쳤습니다.  4. 따라서, 귀하의 제안내용은 시나리오(안)이 마련될 경우 관련 업계 종사자들과 소통하는 자리가 필요하다는 의견으로 이해되며, 2050 해양수산분야 탄소중립 로드맵이 실효성 있게 추진되기 위해서는 반드시 필요한 절차로 판단됩니다. 다만 향후 코로나 19 관련 상황에 따라 대면 또는 비대면으로 업계 종사자를 대상으로 의견 수렴하는 기회를 마련하도록 하겠습니다.  5. 추가적으로 문의사항이 있으시면 해양수산부 해양환경정책과 김형원 사무관(☏044-200-5285, e-mail: kimhw0901@korea.kr)로 연락주시면 성실하게 답변 드리겠습니다.  6. 해양수산부 업무에 관심을 가져주신데 감사드리며 앞으로도 적극적인 제안 참여를 부탁드립니다.  붙임 1. 국민제안신청서. 2. 210719 국민신문고 답변(2050 해양수산 탄소중립 시나리오 제안). 끝.","1. 안녕하십니까? 해양수산부 해양환경정책과 담당자 김영돈입니다. 귀하께서 제기하신 국민제안에 대해 다음과 같이 회신하여 드립니다.  2. 귀하의 제안내용은 시나리오(안)이 마련될 경우 관련 업계 종사자들과 소통하는 자리가 필요하다는 의견으로 이해됩니다.  3. 귀하의 제안대로 농어민 단체 의견수렴등을 거쳐 해양수산분야 2050 탄소중립 로드맵이 수립되었음을 알려드리며, 추가적으로 문의사항이 있으시면 해양수산부 해양환경정책과 김영돈(☏044-200-5286, e-mail: ydkim81@korea.kr)으로 연락주시면 성실하게 답변드리겠습니다.  4. 해양수산부 업무에 관심을 가져주신데 감사드리며 앞으로도 적극적인 제안 참여를 부탁드립니다.","
210719 국민신문고 답변(2050 해양수산 탄소중립 시나리오 제안).hwp",해양수산부,2021-07-15
4,기후변화,내용,일회용품 재활용률 제고를 위한 실천적 방안,2021-05-15,행정/자치/안전,서울특별시 서초구,"코로나19의 영향으로 일회용품 사용률이 높아지면서 재활용 쓰레기 문제가 더욱 심각해졌습니다. 플라스틱은 특히 해양환경에 악영향을 주고 있으며, 이는 기후변화로 인한 지구온도 상승으로 인해 더욱 심화될 것으로 예측되고 있습니다. 대한민국의 경우 시민 개개인이 재활용을 하고 있지만 일반 쓰레기로 잘못 버려지는 경우도 많습니다. 서울 소재 재활용품 선별장 관계자에 따르면, 하루 60~70톤 들어오는 폐기물의 대부분이 소각장으로 보내집니다. 또한 재활용되는 양은 전체의 30~40% 정도에 불과합니다.[1] 대한민국의 실질 재활용률이 20%대에 그친다는 2019년 그린피스 보고서도 재활용률 제고에 관한 함의를 제공합니다.  문제점은 여러 종류의 쓰레기가 혼입 되어서 선별 작업에서 실제로 재활용품으로 분류되는 수치가 매우 낮은 것 입니다. 이러한 문제점을 해결하기 위해서는 제대로 된 분리수거가 필수적입니다. 소비자의 제대로 된 분리수거를 위해서는 분리수거를 도울 수 있는 기계가 필요합니다. 재활용 선진국으로 알려진 독일의 경우 반환보증금 판트(Pfand) 제도가 운영되고 있는데, 순환자원을 투입하면 기계가 이를 인식하고 자동으로 압착하여 고품질의 재활용품을 재생산할 수 있도록 돕고 있습니다. 보증금이 비싸고 이에 대하 인식이 높아서 국민들도 활발히 이용하고 있으며, 따라서 시민들들 개개인의 재활용률이 세계에서 가장 높습니다. 판트는 독일 뿐 아니라 핀란드, 네덜란드, 리투아니아 등 다른 유럽국에서도 대부분 시행되고 있습니다. 즉, 이러한 제도 혹은 시스템이 상용화 된다면 실재활용률 제고에 기여할 것입니다. 그러나 대한민국의 경우 아직도 많은 시민들이 이 같은 제도를 인지하지 못하고 있는 실정입니다. 선진국의 사례를 고려할 때 이 같은 제도의 홍보 및 추가적 기계 설치가 필요할 것으로 사료됩니다.   [1] “분리수거만잘하면정말재활용될까?”, https://100up.kakaoimpact.org/problems/2/view","가. 개선 방안 및 제안 내용: 재활용 공병 기계 도입 1. 해외 선진국의 사례를 기반으로 한 한국식 공병보증금 제도의 활성화 필요 2. 이 같은 기계를 개발 및 판매하는 국내 기업과 해외 기업의 제품들을 대상으로 입찰 공고를 내어 보다 많은 기계가 설치될 것을 요구함. 국내 회사로는 수퍼빈의 네프론, 한화솔루션의 페트병 수거함, 외국 회사로는 독일의 판트, 호주의 return and run 등이 있다. 3. 환경 혹은 재활용에 관한 인식이 높아지고 있는 추세임 4. 특히 이용자가 투입한 자원에 대해 포인트가 적립되어 소비자들이 참여할 유인이 충분할 것으로 사료됨 나. 예산 1. 이 같은 기계는 1대 당 평균 2000여만원 2. 예산 투입이 필요하나 장기적인 관점에서 기계 설치로 인한 폐기물 처리 비용 지출의 감소로 더 경제적일 수 있음 (하단 ‘기대효과’ 에서 후술) 참고 : https://dbr.donga.com/article/view/1203/article_no/9079/ac/magazine  다. 위치 선정: 독일의 경우 시민들이 이용하는 대부분의 마트에 기계가 설치되어 있음. 장을 보러 올 때 일회용품들을 가지고 와서 재활용 하는 경우 많음. 이처럼 따로 시간을 내어 이동하기보다는 시민들이 일상적 생활 공간 속에서 이용할 수 있도록 마트 안, 공원 입구 등 세심한 위치 선정 필요할 것으로 사료됨.  라. 홍보: 시민들이 익숙하지 않을 수 있으므로 홍보를 위한 노력도 병행되어야 할 것 1. 소셜 미디어를 활용한 기계 위치 및 이용방법 소개(인스타그램 카드뉴스, 유튜브 영상 제작) 2. 기계 설치 공간 앞 길거리 홍보 등 특히 해외 선진국의 우수한 사례를 소개하고 이에 대한 시민들의 자발적 참여를 유도함으로써 민주 시민을 양성하는 데에 기여할 수 있음.","1. 정책 제안의 목적 및 기대 효과 본 제안은 독일의 판트(pfand) 제도에서 착안하였으며, 설치를 제안하는 목적 및 기대 효과는 다음과 같다.  1) 일회용품 재활용률 제고 가. 코로나19 사태의 장기화로 일회용품 사용 급증 △ 코로나 확진자가 급증한 2020년 3월 플라스틱 사용량은 전년도 동월 대비 9.1% 증가했으며, 전체 재활용 쓰레기는 18.1% 증가[1]  나. 대한민국의 실질재활용률은 20.8% (그린피스 2019년 보고서) △ 재활용 용기가 깨끗이 세척되지 않은 채 분리수거됨 △ 즉석밥 용기 등 재활용이 되지 않음에도 재활용 마크가 붙어 시민들이 잘못 분리함 △ 국제유가 하락으로 일회용품을 새로 생산하는 비용이 재활용을 통해 플라스틱을 재생산하는 비용보다 저렴  다. 일회용품의 실질 재활용률을 제고할 필요성 증대 △ 시민들이 자발적으로 일회용품 재생산에 기여할 수 있어야 함 △ 코로나-19의 장기화 등 일회용품 사용량이 증가하는 시대적 맥락도 고려  2) 바람직한 민주 시민의 양성 가. 재활용 (불)가능 품목 구분에 대한 시민 교육의 효과 △ 이는 시민들이 자발적으로 재활용 가능 품목에 대해 고민할 수 있는 기회를 제공 △ 즉석밥 용기 등 실제로는 재활용이 불가능함에도 재활용이 가능하다고 널리 오해 받는 품목들의 경우 시민 교육 효과 배가 △ 정부의 일방적 홍보보다 더 큰 효과를 낼 것으로 사료 △ 재활용의 중요성, 환경에 대한 인식 제고  나. 재활용 일상화를 통한 어린이 및 학생들의 환경 교육에도 유용 △ 해외 사례를 살펴보면, 장을 보러 올 때 재활용품을 같이 들고 오는 경우가 많음 △ 부모님이 장을 보시는 동안 주로 어린 자녀 혹은 학생들이 기계를 통해 보증금을 반환받음으로써 재활용이 습관화 됨 △ 학교에서 실시되는 환경 수업 등이 자습 시간으로 전락하는 등 정부 주도의 공교육보다는 일상 생활 속에서 재활용을 적극적으로 실천하는 것이 보다 큰 교육 효과를 보일 것임  3) 폐기물 처리에 소요되는 정부세출의 감소  △ 폐기물 발생량은 해마다 증가하여 2012년 39만t이었던 일일 폐기물 발생량은 마지막 통계년도인 2019년에는 49만t까지 증가[2] △ 재활용업계에 따르면 폐기물 처리비용은 t당 10~15만원, 연간 19조~29조 소요 (2021년 환경부 예산 11조) △ 재활용품 선별업체에 따르면 재질별로 분리배출만 잘 되어도 재활용률을 높여 폐기물 발생량을 획기적으로 줄일 수 있음 △ 제주도에서 2016년 도입한 ‘재활용품 요일별 배출제’는 수거 효율을 크게 높여 재활용률이 20% 증가하고 소각, 매립량은 11% 줄어든 사례가 있음 △ 공병보증금 제도와 같이 플라스틱 등에도 재활용 포인트를 제공함으로써 재활용 분리배출의 유인책을 제시하여 적극적인 재활용품 분리배출이 이루어진다면, 혼합배출에서 발생하는 폐기물이 대폭 감소할 것으로 기대됨 △ 이는 폐기물 처리에 소모되는 정부세출을 감소시키는데 기여할 것으로 사료됨","
일회용품 재활용률 제고를 위한 실천적 방안_수정본.pdf","- 투명 페트병의 분리 배출이 의무화됨에 따라 고품질의 투명 페트병 재활용에 대한 다양한 논의가 진행 중이며, 제안해주신 투명 페트병 수거장치는 주민들의 자발적인 참여를 유도하기 위하여 설치 장소, 설치 수량 등 시범 운영에 대한 계획이 진행 중입니다. - 또한 환경단체, 지역환경교육센터 등과 협업하여 자원순환 실천 방안에 대한 다양한 홍보를 진행 중이며, 아파트·학교 등을 대상으로 일회용품 줄이기, 분리배출 등에 대한 자원순환교육을 추진 중임을 알려드립니다.","- 투명 페트병의 분리 배출이 의무화됨에 따라 고품질의 투명 페트병 재활용에 대한 다양한 논의가 진행 중이며, 제안해주신 투명 페트병 수거장치는 주민들의 자발적인 참여를 유도하기 위하여 설치 장소, 설치 수량 등 시범 운영에 대한 계획이 진행 중입니다. - 또한 환경단체, 지역환경교육센터 등과 협업하여 자원순환 실천 방안에 대한 다양한 홍보를 진행 중이며, 아파트·학교 등을 대상으로 일회용품 줄이기, 분리배출 등에 대한 자원순환교육을 추진 중임을 알려드립니다.",,서울특별시 서초구,2021-05-28
5,기후변화,내용,남부지방 간척지 올리브 플랜테이션 농장 육성을 위한 정부예산 시범사업,2019-08-16,국토/교통/농림/해양,농촌진흥청,남부지방 간척지 해남. 고흥등지의 땅들이 놀고 있습니다. 임대하여 들어가는 농업회사들이 고통을 받고 있다고 합니다. 종자값도 안나오고 인건비등 경비에 도산 직전들이라는 것입니다.,"간척지는 염분이 많아 일반 밭작물이나 과수가 자랄 수 없어 놀리고 있습니다. 이런 염기를 견디고 클 수 있는 나무는 코코넛이나 알리망오, 올리브나무등인데 코코넛등은 추위에 죽지만 특정한 올리브나무는 살 수가 있습니다.","간척지에 기계화, 자동화된 올리브플랜테이션을 조성하여 관광산업과 연계하여 농업이 관광을 견인하는 6차산업을 일으키고 남부지방 간척지에 농업혁명을 일어나리라 생각합니다.  저는 올리브나무에 대하여 인터넷 블로그 활동을 하고 있는데 필명은 꽃피네올리브입니다. 간척지올리브를 검색하여 주십시오  감람나무(올리브), 올리브병충해, 올리브품종, 올리브나무재배등 제 생각을 인터넷에서 볼 수 있으실 것입니다.  https://m.blog.naver.com/cofine/221599838174  이 글과 https://m.blog.naver.com/cofine/221615182503  그리고 http://m.blog.naver.com/cofine/221615828856  이 글을 꼭 읽어 주십시오 남부지방 간척지는 관광과 농업이 어우러지는 농업혁명의 출발점이며 불모지가 아니라 기회의 땅입니다.  현재로서는 간척지농가들은 이것저것 하다하다 지치고 자포자기의 상태, 그러나 누군가는 시도해야 된다고 생각합니다.  농림수산식품부에도 이런 제안을 했는데요기후변화대응 대체작물의 연구를 우리 농민은 하고 싶어도 할 수 없습니다.  중국의 값싼 농산물은 들어닥치지 불경기도 불경기도 이런 불경기가 닥쳐서 다들 고단한 삶을 이어가는 농촌현실입니다. 누군가는 첫 삽을 떠야하지 않겠습니까? 시범적으로.  지방부서 공무원들을 설득시키는 일은 너무 힘든 현실입니다.  관계기관이 나서서 국가예산으로 시범사업을 실시하여 주십시오.  감사합니다.",,"1. 박철수님 안녕하세요? 우리 농촌진흥청 업무에 관하여 소중한 의견을 주셔서 감사드립니다.  2. 귀하의 제안요지는 ‘남부지방 간척지 올리브 플랜테이션 농장 육성을 위한 정부예산 시범사업’ 내용으로 제안해주셨습니다.  3. 귀하께서 제안하신 사항을 검토한 결과는 다음과 같습니다.  가. 농촌진흥청에서는 국내에서 올리브를 상업으로 재배하기 위한 기반 조성을 위하여 품종 특성 및 증식에 관한 연구를 수행하였으며, 앞으로도 기후변화에 대응하여 과제기획검토 중에 있습니다.  나. 간척지토양 올리브 농장 육성 시범사업을 수행하기 위해서는 관련 연구결과가 있어야 하고, 간척지 적합작물로 고시가 선행되어야 하므로, 이와 관련하여 제안하신 내용을 ATIS (http://atis.rda.go.kr)에 기술수요로 접수 및 등록하겠습니다.  다. 접수한 기술수요는 유사 기술수요를 포함하여 과제기획위원회에서 논의할 수 있으며, 과제기획위원회 논의 결과 연구과제로 수행할 시 연구결과에 따라 간척지에서 재배 가능한 작물로 판단되면, '간척지 적합작물고시'로 고시가 가능합니다.  라. 고시 포함 시 이를 근거로 간척지에서 시범사업 추진이 가능할 것으로 생각됩니다. 다만, 연구결과 적합하지 않을 경우 고시에 포함될 수 없음을 양지하여 주시기 바랍니다.  마. 우리 청에서는 중·장기적인 기후변화 대응 신소득 작목 발굴을 위하여 2018년부터 ‘기후온난화 대응 아열대 소득과수 도입시범’을 추진하고 있습니다. 망고, 백향과, 올리브, 만감류 등 신 소득 작목이 대상이며 시범적으로 전국 10개 시군에서 추진하고 있습니다. 사업규모 및 지원내역 등은 추진계획(참고 1)을 참고하시기 바랍니다.  바. 아울러, 시범사업의 효율적 추진을 위해 우리 청에서는 사업 계획 수립, 시군농업기술센터에서 사업농가 선정과 사업추진을 담당하고 있습니다. 사업과 관련된 자세한 사항은 해남군농업기술센터로 문의하시기 바랍니다.  <시범사업 추진절차> ㅇ 사업계획 수립(1월 말) - “사업 시행지침” 시달(농진청) - 도원 및 시군농업기술센터에서 예산교부 신청 ㅇ 대상자 신청 및 선정(2월 말) - 도원 및 시군농업기술센터 예산교부지령 - 지역내 사업별 대상자 신청 접수(농업기술센터) - 사업 신청자중 적정한 대상자 선정(산학협동심의회) ㅇ 자금집행 및 사업이행(2~10월말) - 보조금 지급 - 사업추진 및 이행사항 점검 ㅇ 사업평가(12월 말) - 결과 평가회 개최 - 사업추진 결과 보고 및 보고서 작성  4. 시범사업 관련 문의사항은 농촌진흥청 기술보급과 나상수(063-238-0981)에게 연락주시면 성심 성의껏 답변해 드리겠습니다. 감사합니다.",2020년 기후 온난화 대응 새로운 소득과수 도입 시범사업을 통해 남부지역(해남군)에 올리브 등을 시범재배하는 사업 실시,"
참고_기후온난화 대응 아열대 소득과수 도입 시범.pdf",농촌진흥청,2019-09-25
6,기후변화,내용,온도계 생활화로 지구 온난화를 막는다,2011-12-29,행정/자치/안전,울산광역시,우리가 일기 예보를 가장 중요시 한다 그것처럼 이제는 온도계를 생활해야 하는데 그러지 못하다 가정에서도 온도계를 걸어두고 온도에 맞춰 실내온도를 적당히 맞춰야 한다 그러나 온도계가 가정에서 사용되지 않는다는점 보일러 틀때만 온도를 알수있다 이런 시스템이 문제다 온도계 사용을 등한시 해서 지구 온난화를 촉발시켰다는게 지적이다 이를 극복하기 위해서 대응책을 세워나가자,"1.온도계가 우리에게 주는영향은 지구온난화를 막을수있도록 전기 가스 난방등을 줄이게 하는 근원임으로 온도계 설치는 매우소중하다 2..온도계 설치가 급선무다 온도계가 없으면 실내온도가 몇도인지 밖의 온도가 몇도인지 모르기에 옷을 얇게 입고 나갈까? 덮게 입고 나갈까? 망서려진다 온도가 높 다는것은 지구 온난화의 주범이다  3..온도계를 설치하려면 어떤장소가 유력한가 로 대응하자 광역,지자체등 에서 온도계를 먼저 가정에서 , 회사 ,직장에서 그리고 백화점등 공공시설물 또는 버스 정류장 지하철역 공원등지에서 온도계를 설치하도록 권장하고 설치한다 온도계가 우리에게 주는영향은 지구온난화를 막을수있도록 전기 가스 난방등을 줄이게 하는 근원임으로 온도계 설치는 매우소중하다 4.온도계에 나타난 온도예따라 옷껴입기 전기힐타자제 가스난방자제 등을 알려주는 신호탄임으로 온도계와 생활화하면 기후변화대응에 이바지하자",온도계가 물처럼 소중하고 공기처럼 소중하다 기후변화 대응전략에 임하려면 먼저온도를 알아야한다는 전략을 세웠으니 온도계 시스템에 맞춰서 생활화하면 지구 온난화를 막는데 일조를 했다고 본다 온도를 알면 지구 온난화 방지책도 매우 빨리 대응 할수있다는것을 알수있게 될것이다,,"귀하께서 제안하신 「온도계 생활화로 지구온난화를 막는다」에 대한 의견을 검토한 결과, 우리시에서도 각 부서에 온도계를 설치하여 실내온도에 따라 쿨맵시, 온맵시 등 지구온난화를 방지하기 위한 각종 시책을 추진하고 있습니다. 그렇지만 직원 개개인과 시민들의 의식은 아직까지 온도변화에 따른 생활방식의 변화에 민감하게 반응하지 못하고 있어 앞으로 귀하께서 제안하신 의견을 적극 검토하여 직원 개개인에게 온도계를 지급하는 방안과 온도계 갖기 범시민운동 전개 등을 적극 추진해 보고자 합니다. 귀한 제안을 해 주셔서 감사드립니다.","1. 직장 : 직원 1인 1 온도계 갖기 운동 전개 2. 가정 : 범시민 운동으로 가정내에 거실, 주방, 침실, 자녀 책상위 등 온도계 비치운동 전개",,울산광역시,2012-01-26
8,기후변화,내용,농업재해보험의 대한 의견,2008-08-10,국토/교통/농림/해양,농림축산식품부,"농사 ""재해보험""에 관한 의견  농수산물에 대한 실질적인 도움이 될 수 있는 재해보험이 반드시 필요합니다. 농민과 엉ㄴ미의 입장에서 생각하고 바라볼수 있는 실질적인 농림행정을 바랍니다.  현재 실시되고 있는 ""풍수해보험에 야생동물피해 및 바다의 적조에 관한 것도 포함""해야 바람직하다고 봅니다. 생태계변화 .기후변화와 더블어 기상악화에 따른 이상기온 장마에 따른 수해, 그리고 우박피해 등에 농민의 피해를 보상해주기 위한 농사보험제도가 시행 중에 있으나 경제적 어려움과 필요성에 대한 인식부족 등에 의하여 가입율이 저조한 것으로 알려져 있습니다.  장마에 의한수해가 발생하였을때 보험의 혜택을 보는 것인데도 당장 보험료의 부담으로 인하여 가입을 농가에서 피하고 있기 때문입니다. 농촌의 경제적 어려움이 있기 때문입니다.  그러나 농가피해를 보존하거나 보상 할수 있는 ""재해보험""에 풍수해뿐만 아니라 ""야생동물에 의한 피해""도 포함 될수 있게 법적 제도벅보와이 이루어 질수 있게 정부(농림수산식품부)에서 안심하고 농사를 짓거나 양식어업을 할수 있게 했으면 하는 의견입니다.  농사의 피해는 천재지변인 풍수해 뿐만 아니라 야생에서 살고 있는 야생동물의 피해도 범위에 포함되어야 맞는다고 봅니다. 요즈음 농촌에는 풍수해보다 야생동물의 의한 피해가 적지않게 발생하고 있어 농심을 멍들게 하고 피해를 주고 있는 점을 감안한다면 반드시 관련 법이 제정되거나 수정되어야 한다고 봅니다.  농림수산식품부에서는 이점을 중시하시고 제도적 뒷받침이 될수 있게 노력해 주실 것을 아울러 당부를 드립니다. 농민과 어민 들이 실질적이고 안정적으로 생업에 종사 할수 있게 되기를 바랍니다.  의견제시자/ 정병기 (국가유공자)",,,"
8379_banner05.gif
1203022430_EMB00000ccc0001.gif",귀하의 민원에 대하여 붙임과 같이 회신하오니 참고하시기 바랍니다.,"○ 농어업재해보험법 개정으로 재해보험 보장범위 확대 - 농어업재해보험법 제2조 정의 ""농어업재해""에 조수해(鳥獸害)(새, 짐승으로 인한 피해)를 포함하여 농작물재해보험에서 야생동물의 피해도 보상",,농림축산식품부,2008-08-22
9,기후변화,내용,횡주관 배관설계시 내진설계및 시공 법제화가 필요합니다.,2008-07-29,행정/자치/안전,행정안전부,"지진으로 부터 국민의 생명과 재산을 보호하기 위하여 ""지진재해 대책법""이 제정 공포(08.3.28.법률제9001호)되었는 바 , 건축물의 혈관인 ""설비배관 설계시 내진설계및 시공 법제화""가 필요합니다. 설비공사업 25년을 영위해 오면서 느낀점이며, 관심을 갖고 꼭 입법화해야 한다고 생각합니다.  1) 현행제도: 지진재해 대책법 시행령 제4장 내진대책 중 제10조 1항 ""건축법 시행령 제32조 제2항 각 호""에 의거, 건축구조에만 내진설계및 시공중이며,초고층화,대형화,중량화된 기계설비 설비배관,소방설비 배관,도시가스 배관,전기배관 배선에는 미적용  2) 문제점: 지진이나 폭발등 외부 충격으로 부터 초고층화,대형화,중량화된 설비 배관및 전기배관 배선이 취약하여 배관의 파손으로 인한 누수 누전사고, 가스누출로 인한 질식및 폭발사고등 대형참사를 예방할 수 없습니다. 우리나라도 일본이나 중국,대만처럼 지진의 안전지대가 아니므로, 초고층화,대형화,중량화된 설비배관 횡주관및 전기배관배선에도 , 내진설계및 시공공법이 절실히 요구되는 문제점을 해결해야 합니다.  3) 개선내용: 설비배관시"" 내진설계를 법제화""하여 ,내진용 인서트 플래이트와 내진용 배관및 배선고정 장치를 설치 시공하여, 대형화,초고층화,중량화된 설비배관및 전기 배선을 보호하며, 산재및 재해로 부터 안전을 확보하고, 국민의 생명과 재산을 보호한다.  4) 기대효과: 내진설계를 법제화하면 중량화된 설비배관및 전기배관 배선을 보호하여,안전사고를 사전에 예방하고,배관의 파손으로 인한 누수,누전,질식,폭발,화재등 2차 대형사고를 예방할 수 있으며, 조립식으로 시공하면 시공비도 50%절감할 수 있어 실용적이며 경제적입니다. 초고층화,대형화, 중량화된 설비배관및 전기배관배선에 내진설계및시공을 적용하면, 국민의 재산과 생명을 사전에 보호할수 있습니다.준비된 안전의식이 제일이라고 생각합니다.  5) 내진공법: 내진스프링 시공법이나 , 내진고무 시공법이 있습니다. 지진재해 대책법 시행령및 시행규칙 제정(안)2008.07.24.을 입법 예고중인 담당부서""기후변화 대응과""와 긴밀히 협조하여 적극적으로 검토해 주 시기 바랍니다. 감사합니다.",,,,○ 국민제안 : 채택 - 건축설비 내진적용의 필요성은 있는 것으로 판단하여 채택함. - 법제화에 있어서는 건축법・건축물의 설비기준에 관한 규칙 등 관계법령에 법제화가 되어야 하기에 관계기관과 협의하여 적용여부 및 추진방안을 면밀히 검토하여 추진하겠음.,"- 민원인께 2008. 8.25일 기 통보된 내용임. - 건축설비 내진적용의 필요성은 있는 것으로 판단됨. - 법제화에 있어서는 건축법, 건축물의 설비기준에 관한 규칙 등 관계법령에 법제화가 되어야 하기에 관계기관과 협의하여 적용버무 및 추진방안을 면밀히 검토하여 추진",,행정안전부,2008-08-25
10,기후변화,내용,"동, 서, 남해의 천혜의 자연 보고를 관광상품으로 개발하는 방안",2008-05-13,교육/문화/체육/관광,문화체육관광부,"동해, 남해, 서해로 둘러싸여 삼면이 바다인 대한민국의 영해는 분명 세계의 선진해양 국가들보다 조금도 손색이 없을 것이나 우리의 현실은 저들국가 보다 관광자원으로서의 그 활용도 및 인프라 시설에 있어서는 아마도 상당히 뒤떨어져 있을것입니다.  그것은 아직 우리가 바다를 이용하는 기술이나 축적된 노하우가 없어서 있을 수도 있지만 바다를 적극적으로 활용하기위한 관심과 관광상품화 하기위한 전략적 개발의지가 부족한것은 물론이요 가장 기초적인 부분에서의 관광, 레저 이용수준이 아마도 아마추어 수준이하 일 것이라 판단됩니다.  정부에서는 그 환경적 자연의 寶庫 인 한려해상 국립공원과 다도해 해상국립공원이란 명칭으로 지정하고 보호하고 있습니다만, 이런 천혜의 자연보고를 관광하기 위한 방법으로 유람선을 이용하여 다도해 해상의 섬 주위를 돌거나 겨우 섬에 상륙하여 돌아보는 것이 고작입니다. (금년 상반기부터 부산을 기점으로 크루즈 관광선 운행시작)  한때 울릉도 관광을 위하여 헬리콥터를 이용하여 섬 주변 상공을 선회하여 해양항공 관광을 시도해보았으나 불의의 항공사고로 인하여 중도 포기할 수밖에 없었습니다. , 근래에 들어 바다의 중요성과 독도에 대하여 많은 국민들이 공감하고 있습니다. 왜냐면 그것은 우리의 영해, 국토이기 때문이기도 하지만 앞으로 무한대의 자원과 재원을 바다로부터 얻을 수 있을 뿐 만 아니라 정치, 경제적, 군사적, 관광적인 특수성이 있기 때문입니다.  정치적으론 일본과 영토분쟁과 동해의 표기를 놓고 일본은 끊임없이 억지를 부리고 있을 뿐만 아니라 독도의 영토마저 끈질기게 자기의 영토라 부르고 표기하고 세계에 오히려 떠벌리고 있는 실정입니다.  경제적으로는 지금 당장 심해 해저에 있을지도 모를 원유는 물론이요, 천연적 자연 무공해 생수인 심층수는 현재 상품화 되어 음료수로서 마실 수 있을 것이며, 청정연료와 엄청난 량의 니켈이나 망간 같은 자원이 엄청나게 묻혀있기에 경제적인 가치는 금액으로 환산하기 어려운 寶庫라 할 수 있습니다.  남해의 끝자락 전설의 섬으로 알려진 이어도는 현재 해상플랜트 구조물이 설치되어 군사적 임무와 기상환경, 해상 로 안전등의 임무를 무인으로 가동되고 있어 보이지 않는 해상 전진기지로서의 역할을 충실히 그리고 100% 효과를 보고 있습니다.  동해, 남해, 서해의 관광적인 가치는 엄청난 보고라 할 수 있습니다. 동해의 오염되지 않은 해저의 수중식물과 물고기들은 자연의 그대로임을 보여주고 있으며 남해의 섬들은 천혜의 절경들로 이루어져 있으며 육지의 기암괴석과 천연기념물의 철새들의 군무는 그야말로 장관을 이루고 있습니다.  거제도 및 여수만 주변의 한려 해상 국립공원과 고흥반도 해상국립공원, 완도해역, 추자도, 거차 군도, 도초 비금 해역, 대흑산도 홍도해역 해상국립공원으로 이어지는 서, 남해의 천혜자연과 자원은 세계 어느 곳보다도 뒤떨어지지 않는 자연의 보고인 것입니다.  서남해의 끝자락 가거도는 인구 700여명의 면적 918ha 의 작은 섬 이지만 우뚝 솟아있는 독실산 (해발 639 M)과 기암괴석의 절경과 희귀약초와 풍부한 해산물과 한때 중국과의 중간 기착지로서의 역사를 갖고 있습니다.  그러니까 동해에는 독도란 특성상품이, 남해에는 전설의 섬으로만 여겨졌던 꿈의 섬이 현실로 나타나 지금은 작은 암초의 해상 플랜트의 인공 섬으로서, 서해의 끝자락엔 가거도(소흑산도)란 옛날 중국과의 무역의 중간기착지로서 기막힌 동, 서, 남해의 끝 섬이 자리하고 있는 사실에 인도네시아의 발리보다 못할 것이 무엇이며 하와이의 와이키키 해변보다 뒤떨어질 것이 있을까요? 이처럼 자연적인 천혜의 조건인 상품을 특성화하여 특화 시설 화 하여 관광 상품으로 개발하지 않는다면 무엇을 개발상품화 하겠습니까?  지금 일본은 러시아, 중국, 대만, 대한민국의 영토에 대하여 억지 주장으로 분쟁을 일으키고 있습니다. 여기에 자연스럽게 대응 할 수 있는 방안으로 울릉도, 독도, 이어도, 가거도 주변 해역에 초대형 해상 관광플랜트 구조물을 설치하자는 제안입니다.  천혜의 자원보고인 위의섬들을 더 이상 훼손하지 않을뿐더러 관광객을 유치하기에는 지리적조건 및 관광 부지를 제공할 수 없는 제한적 공간의 부족함이 뒤따르고 있습니다. 따라서 이를 해결하기 위한 방법으로는 부두에 대형바지선이나 대형선박을 이용한 방법이 있을 수 있으나 이 또한 적절치 못합니다. 왜냐면 대형선박을 접안하기 위해서는 부두의 확장공사를 해야 하나 공간이 부족하기 때문에 적합하지 못하며, 기후변화에 따른 대형 태풍이나 기상악화로 인하여 대형바지선을 부두에 정박하기가 어려운 실정이라 생각됩니다.  국내, 외적인 관광명소가 되기 위해서는 많은 다수의 내, 외국인 관광객들의 숙박, 식사제공 및 관람, 휴식 공간을 마련 제공하여 유치하여야만 하나 이런 공간을 제공할 수가 없기 때문입니다. 국제적인 관광의 명소를 상품화하여 만들기 위해서는 여러 가지 환경과 조건이 갖추어져야 합니다.  이를 충족시켜 주기 위해서는 직접 섬에 구조물 설치 공사를 하지 않아도 가능한 방법을 취해야 할 것입니다. 울릉도와 독도의 부두와 가까운 거리에 철골과 콘크리트 구조물을 혼합한 초대형 해상플랜트 구조물을 설치하는 것입니다.  앞으로 2010년이면 수중에서 5~10 M 떠다니는 위그선이 개발되어 상용화 한다는 발표가 있었습니다. 독도의 해상 부두 앞에 우리의 기술과 기술력으로 상품화된 수상 비행기와 해상 플랜트 구조물을 들어선다면 이 얼마나 벅차고 감동적이지 않을까요?  대략 규모면에서 본다면 적어도 5,000 톤급의 유람선을 접안할 수 있는 접안시설과 수상비행기를 계류 할 수 있으며, 관광객을 수용할 수 있는 객실의 수는 적어도 100여개 이상 갖출 수 있도록 하며, 대형 헬리콥터 착륙장은 물론이고 자체적인 발전시설과 정화시설은 물론 인공 해수욕장, 일광욕장, 사우나 시설을 갖추고 다양한 요리 코스를 제공 한다면 엄청난 관광과 관람 효과를 거둘 수 있을 것입니다.  숙박시설은 굳이 밀폐 하지 않고 유리 창문을 통하여 주, 야간으로 바다와 섬주변의 해역을 24시간 감상 할 수가 있는 것입니다. 한편으로는 대형선박을 접안하여,이용하기에 안전하게 여객을 수송할 수가 있으며 또한 비상시 헬기를 이용하여 섬의 주변 해역 상공을 관광 상품화 하여 특화적인 관광의 묘미를 느끼게 하는 것이지요.  생각만하여도 얼마나 기대되는지 모릅니다. 관광객을 대형헬기를 이용하여 수송과 안전, 그리고 비상시를 대비하고 우리의 자체 기술력으로 개발한 수상 위를 떠다니는 위그선으로 관광객을 울릉도, 독도, 이어도, 가거도를 비롯한 우리의 영해이며 천혜의 절경 인 해상국립공원을 관람 한다면 세계의 유명 관광지가 부럽겠습니까?  자연을 훼손하지 않으므로 서 자연환경 민원을 유발하지 않고 자연을 그대로 살리고 울릉도, 독도, 이어도, 가거도를 관광 상품 개발 화하기 위해서는 섬 안에서 구조물을 설치한다거나 공사를 하기에는 지리적 환경적 도저히 역부족일 것입니다.  그러나 해상 플랜트 구조물은 육지에서 만들어 이동하기 때문에 설치라든가 구조물의 공사를 하기에는 전혀 제약을 받지 않을뿐더러 우리의 기술력으로 해상 구조물이나, 해양 석유시추선을 설계하고 자체적으로 제작 할 수 있는 기술을 보유하고 수출을 하고 있으며, 이미 남해의 이어도 섬에 해상플랜트 구조물을 무인으로 운행하고 있는 경험이 있기에 전혀 어려움이 없는 것입니다.  또한 해체라든가 이동을 하기에는 전혀 제약이나 무리가 따르지 않으며 제작하기 위한 공사의 기한도 대폭 줄여 설계가 마무리 되면 곧바로 공사에 착수 하여 불과 2~3년 안에 설치가 가능 할 것이며, 세계는 지금 시간과의 싸움과도 같은 급격히 변화 하고 있기에 하루속히 이와 같은 특화 관광 상품을 개발해야 할 것이라 생각 합니다.  가거도의 특산품은 물론이요 풍부한 해산물과 기암절벽과 풍경은 우리가 지금껏 외면하고 몰랐으며 관광 상품으로 개발하지 못한 것에 기인하지 절대로 우리의 관광 상품이 없기 때문은 아닐 것입니다.전설의 섬 이어도는 얼마나 흥미진진하고 감동적인 섬이 아닌가요? 꼭 발리 섬이나 사이판이나 괌이나 ,와이키키의 해변이 아니면 우리국민들은 우리의 관광 상품을 외면하겠습니까?  인천항을 출발하여 덕적도를 지나 격렬 비열도 를 지나고 달려서 흑산도를 돌아 홍도 회를 맛보며 홍도 대 풍란이요 석곡이요 진귀한 식물과 천연기념물 후박나무요 동백꽃의 전설을 듣고 관광하고 만재도, 상태, 중태, 하태도 넘어 서, 남해의 끝자락 가거도 를 관광하고 섬주위의 칼바위 기암절벽을 감상하고 독실산 정상에 올라 주변 경치 풍경과 저녘 노을 의 황금 빛 바다의 석양은 황홀 하지 않을까요?  전설의 섬 이어도에 도착하면 한 많은 전설의 세계로 한번 빠져 봄은 소설속의 주인공으로 감탄하고, 마라도와 제주의 아름다운 광경은 말로 표현이 어려울 것이며 한려 해상 국립공원을 굽이굽이 돌아 한산대첩의 한산도와 명량 해전, 당포해전 의 충무공의 충정어린 숨결을 느낀다면 무엇과 비교 할 수가 있겠습니까?  거제의 초대형 조선소를 뒤로 현해탄을 지나 동해의 푸르고 푸른 물결, 수십 수백 마리의 참 돌고래 떼의 자연 수중 쇼를 관람 한다면 탄성이 저절로 터져 나오겠지요!  울릉도 오징어 고기잡이배의 수많은 전등불은 온통 동해의 바다를 불 밝힐 듯이 등불의 군무를 이루고, 오염되지 않은 밤하늘의 별들은 반짝반짝 영롱한 빛이 수를 놓을 것이며, 이른 새벽하늘동쪽 끝자락에서는 여명의 밝은 빛 태양이 떠오르는 감동적인 역사의 하루를 시작하는 장관이 연출될 것입니다.  독도의 해상호텔에서 맛보는 해산물의 진미를 느끼고 독도의 황홀한 첫날밤은 가슴 설레 이며 가슴속 깊이 감동이 전해져 친구와 연인과 부모형제와 부딪히는 와인의 건배는 추억의 한 장에 남기어 영원히 기억될 것입니다.  태초의 신비를 간직하듯 아직 우리의 자연보고는 그대로인 채 그 대로 방치 되어, 진흙의 뻘 속에서 진주가 조개 속에서 나오기를 학수고대 하듯이 기다리고 있을지도 모릅니다.  금강산, 백두산 관광도 제주의 한라산과 설악산, 부산 해운대, 광안리 해수욕장도 빼어 놓을 수 없는 우리의 것이지만 우리의 자연조건을 이대로 놔둔다면 절대로 관광 대한민국의 미래는 희망적이지 않을지도 모릅니다.  지하철에서 버스로 버스에서 지하철로 연계하여 대중교통을 이용하듯이, 우리의 자연도 이처럼 자연스럽게 연계할 수 있는 대책 방안이 필요 합니다. 영동고속도로 끝 동해항에서 배편으로 울릉도, 독도로 이어지는 빤짝 유람이 아닌 영화의 한 장면처럼 사랑의 유람선 같은 크루즈 관광선 으로 하여금 관광의 폭을 이제는 넓히고 규모나 시설을 확충하고 첨단화 고급 화 한다면 분명 전략적인 관광상품으로서 성공할것이라 사료됩니다.  아직도 우리의 주위에서는 이런 개발 가능한 일들이 비일비재 할 것이지만 어느 것 하나 시작하지 않는다면 아무런 소용도 효과도 득도 이득도 없음은 물론이요, 세계의 관광선진 대국을 그냥 바라고만 있어야 하겠습니까. 외국관광상품으로 인한 무역적자가 갈수록 눈덩이처럼 커지고 있는데 반하여 우리의 대책은 아직 이렇다할 대책을 내놓지 못하고 있는 실정입니다. 이제 정부가 나서서 주도해 나간다면 어려운 국내경기를 부양하는데 일조 하는것은 물론이요 외화을 절약하는데 또한 일조하고 많은 인력을 고용함으로서 실업효과가지 거둘수 있는 방안이 된다면 일석 삼조의 효과를 거둘수 있을 것이라 생각합니다.  영세한 국내 관광을 한단계 도약시키는 계기가 될수 있기를 간절이 소망하며, 아울러 침체된 국내경기를 회복시키어 도서 지방은 물론 많은 국민들이 희망을 갖게 해주시기를 간절히 바라며 제안 하고자 하나이다. 부디 세밀히 연구 검토 하시기를 부탁드립니다.    2008년 5월 13일",,,,"ㅇ 안녕하십니까? 문화체육관광부 국민신문고에 좋은 의견 감사합니다.  ㅇ 지적하신 데로 해안권 관광개발의 중요성에 따라 문화체육관광부에서는『남해안 관광벨트 조성』(‘00년~’09년),『서해안권 관광개발』(‘08년~’17년), 『동해안권 관광개발』(‘09년~’18년) 및 가고싶은 섬 시범사업(‘07년~’09년)등 을 추진하고 있고 있습니다.  ㅇ 향후 위 사업 등의 추진을 통한 해안권 관광개발로 국내관광활성화 및 관광수지 적자를 해소할 수 있도록 노력하겠으며, 귀하께서 제안하신 기타 동,서, 남해의 관광상품개발 방안에 대해서는 관광정책 추진시 참고토록 하겠습니다.  감사합니다.","ㅇ현재 제안내용과 관련하여 기 추진중인 사업이 있으므로, 새로운 사업을 기획하여 채택하여 실시하는것이 아닌 기존 추진사업을 지속적으로 추진",,문화체육관광부,2008-05-27
12,원자력,제목,한국원자력의학원 설립과 관련한 연구원들의 제안,2007-01-22,산업/방송/통신/과학,과학기술정보통신부,"노무현 대통령님께 드립니다.  국정운영에 항상 바쁘신 줄 아오나 정부출연연구소 연구원으로서 소임을 다하기 위한 간청을 드리오니 관심과 선처를 바랍니다.  원자력의학원은 방사선의학 연구를 목적으로 과학기술부 산하 원자력연구소의 부설연구기관으로 설립되어 운영해 오던 중, 방사선관련 연구기능의 강화와 효율적 관리를 위한 국가적 필요성에 의하여 원자력연구소로부터 분리, 독립되어 ‘한국원자력의학원’(이하 의학원)이라는 특정연구기관으로 거듭나게 되었습니다. 이를 위하여 ‘방사선 및 방사선동위원소 진흥법’이 2006년 12월 26일 국회 본회의를 통과하여 개정 법율안이 공포되었고 지금은 그 설립을 위한 준비 작업이 진행되고 있습니다.  의학원은 현재 ‘방사선의학연구센터’ 와 ‘원자력병원’ 이라는 두개의 조직으로 구성되어 있습니다. ‘방사선의학연구센터’는 정부의 R&D 예산을 수탁하여 연구사업에 전념하는 연구원과 기능직 직원들로 구성되어 있으며 이들의 급여는 PBS 시스템과 연봉제를 따르고 있습니다. 이에 반하여 ‘원자력병원’은 환자진료라는 수익사업을 하고 있으며 이에 참여하는 의무직, 간호직 및 행정직 직원들의 급여체계는 PBS 시스템과 연봉제를 따르지 않고 있습니다. 이렇게 근본적으로 성격과 목적이 전혀 다름에도 불구하고 이 두 조직은 행정적, 회계적으로 통합되어 운영되어 왔습니다. 이는 전 세계적으로 그 사례를 찾을 수 없는 비영리 정부출연 연구기관과 수익사업기관의 기형적 통합 구조를 의미합니다.  그 결과 파생되는 문제점은 실로 심각합니다. 가장 대표적인 것은 의학원이 법률이 명시한 정부출연연구소임에도 불구하고 병원 위주로 운영되어 수익사업기관화 되어왔다는 것입니다. 이는 병원과 같은 수익기관이 과학기술부의 지원대상이 아니라는 명분과 상식에 대치된다고 판단되며, 무엇보다도 정부출연 연구비가 수익사업 재원과 혼용되어 관리된 탓에 그 관리의 투명성을 상실해 왔습니다. 이러한 사실과 그 외 제반 문제점들은 최근 언론의 지적(국민일보, 국민논단, 2006년 12월 18일)과 지난 가을 국정감사의 질타도 받아왔으나 아직까지 시정의 기미는 없습니다. 이에 의학원 연구원들은 의학원 본연의 임무인 연구기능의 경쟁력 상실을 심각히 우려하면서 그 최선의 해법으로 방사선의학연구센터와 원자력병원의 재정적, 행정적 분리를 제시해 왔고, 지난 가을 국정감사에서 변재일 의원도 제안한 바 있습니다.  의학원이 원자력연구소로부터 독립되어 재탄생되는 작금의 시기는 그간의 많은 폐습들이 제도적으로 정리되고 정부출연연구소로서의 본연의 모습을 갖출 수 있는 소중한 기회라고 생각됩니다. 그럼에도 불구하고 2007년 1월 18일에 개최된 의학원 설립위원회의 제 1 차 설립회의에서는 원자력병원의 적자를 우려하여 방사선의학연구센터와 통합회계를 계속 유지하고 더욱이 독립된 의학원 원장의 자격 요건에 의사자격증을 명시하자는 발언과 합의가 있었다는 결과를 접하고 엄청난 실망감에 대통령님께 하소연을 드리게 되었습니다.   1. 의학원 본연의 임무수행을 위하여 정부출연연구비로 운영되는 연구기관과 수익사업을 하는 병원의 회계와 행정은 반드시 분리되어져야 합니다.  2. 설립위원들은 의학원장을 “ 반드시 의사면허 소지자여야 한다”고 특정신분으로 자격을 제한하고 있습니다. 이는 의학원을 아직도 정부출연연구소가 아닌 병원으로 인식하고 있는 폐습에 젖은 구태의연한 결정이라 생각됩니다. 의료 행위와 연구행위는 전혀 다른 전문성을 요구합니다. 병원이 아닌 정부출연연구소로서 의학원 설립취지와 목적을 정확히 인식하고 연구소 경영을 위한 역량과 지도력을 갖춘 분을 초대원장으로 모시기를 간절히 희망하고 있습니다.  3. 기타 의학원 운영에 있어서 그간의 문제점에 대한 자료와 저희들의 견해를 첨부하니 검토하여 주시기 바랍니다.  2007년. 1월. 22 일  한국원자력의학원 연구원협의회 일동  ** 첨부 1. 원자력의학원 연구원 연대서명 ** 첨부 2. 회계행정 분리 검토안 ** 첨부 3. 원자력의학원 연구원들의 견해",,,"
1-연구원연대서명.hwp
2-회계행정분리 검토안.hwp
3-연구원들의 견해.hwp","ㅇ 한국원자력의학원 설립위원회에서 병원과 R&D 부문간 회계분리 방안 검토('07.1~3)  ㅇ 제2차 한국원자력의학원 이사회에서 원자력병원과 방사선의학연구소, 국가방사선비상진료센터 간 회계분리 내용으르 반영한 회계규정 심의.의결('077.4.24)","제2차 한국원자력의학원 이사회에서 원자력병원과 방사선의학연구소, 국가방사선비상진료센터 간 회계분리 내용을 반영한 회계규정 심의.의결",,과학기술정보통신부,2007-11-16
13,원자력,내용,외자항목 국산화를 위한 정부지원 방안(행안부-매경) 지식경제부,2009-03-26,산업/방송/통신/과학,산업통상자원부,"이 제안은 행정안전부와 매일경제가 공동으로 추진하고 있는「경제활력 찾기 국민제안 운동」(www.reco.or.kr)을 통하여 네티즌의 활발한 토론과 평가과정을 거쳐 제안으로 발굴된 것입니다. 특히, 경제살리기 위해 내수활성화 아이디어를 집중 발굴하여 도입이 가능하다고 판단되는 우수한 아이디어를 보내오니 적극적으로 검토하여 주시기 바랍니다. 일부실시, 부분실시, 수정실시도 가능하오니 적극적인 검토 당부드립니다. 참고로, 각급 행정기관에서는 제안자뿐만 아니라 채택 실시 공무원에 대해서도 공동포상을 실시하고 있음을 알려드립니다.  1. 현황 및 문제점 - 기업체(공공기관 포함)가 구매(사용) 하는 각종 자재가 통상 외국 자재인 경우가 많음 - 이는 무역수지 적자 증가 및 외환보유고 감소에 일조  2. 개선방안 - 자재에 대한 국산화 유도와 국산화 기업에 대한 각종 세수지원방안 마련 - 국산화시 투입되는 초기투자비를 정부에서 적극 지원하여 기업 참여 유도 - 공개입찰 시 국산품에 가점을 적용하여 가격경쟁력에서 불리한 부분을 보완  3. 기대효과 - 수입 감소로 무역수지 개선, 국내기업 물량 증가로 기업 경기 활성화, 수급 및 사후관리(A/S) 용이  4. 상세 제안내용 1) 정부지원을 통해서 국내 산업을 육성하는 방안은 적극 추진 필요 국산화 유도를 위해서는 R&D 세제지원을 통한 투자 활성화가 가장 현실적인 방안이라 판단됨. 우선 매년 연장되는 임시 투자세액공제를 가능하면 영구화하여 기업들의 투자확대를 유도해야 함 또 R&D 비용에 대한 세액공제 확대도 고려해 볼만함. 현재 대기업의 연구개발비가 우리나라 총 R&D에서 차지하는 비중이 70%이상으로 높은 상태인데, 국산화를 유도하기 위해서는 이러한 투자・생산능력이 있는 대기업에 대한 지원을 확대하는 것이 효과적 그러나, 총액기준 R&D비용 세액공제율을 보았을 때 우리나라 대기업은 3~6%로 중소기업 25%에 비해서도 적고, 국제적으로도 공제율이 높지 않은 실정임. 대기업이 보다 R&D 투자를 늘릴 수 있도록 대기업의 연구 및 인력개발비 등 R&D 비용에 대한 세액공제 확대를 고려해 볼 필요가 있음 * 2009년부터 중소기업 R&D비용 세액감면을 15%에서 25%로 확대적용(조세특례제한법 제10조) * 주요국 R&D세액공제율(%, 대기업/중소기업): 한국(3˜6/25), 일본(8˜10/12), 캐나다(20/35), 포르투갈(20/20), 스페인(30/30) 등 중소 제조업체에 대해서는 네트워크론 확대 등을 통한 자금 지원책을 강구할 수 있음. 네트워크론은 담보능력이 없어 자금확보에 어려움을 겪고 있는 중소기업의 자금난을 해소하기 위해 ‘06. 7월 도입한 제도로서, 조달청과 계약한 업체가 별도의 담보 없이 조달청 계약서만으로 계약금약의 80%까지 생산소요자금을 쉽게 대출받을 수 있는 제도임 * 네트워크론 적용 시중은행은 06년 3개였으나, 최근(‘09.3월) 조달청・금융결제원・13개 시중은행 간 네 트워크론 MOU 체결로 적용은행이 13개로 확대되었음. 또한 이번 MOU 체결로 기업 적용대상도 총액계약(42%)에서 단가계약(58%)까지 확대 * 총액 및 단가계약 (총액계약) 계약목적물 전체에 대하여 단가가 아닌 총액으로 계약체결하는 것으로 통상적인 계약방법 (단가계약) 여러 기관에서 공통으로 사용하고 수요빈도가 높은 품목에 대하여 단가에 의하여 계약을 체결하는 방식 * 네트워크론 참여은행 확대 (현행) 기업은행, 우리은행, 하나은행(3개 은행) (확대) 기업은행, 우리은행, 하나은행은 재협약 경남은행, 국민은행, 광주은행, 농협중앙회, 대구은행, 부산은행, 신한은행, 제주은행, 전북은행, 제일은행 추가협약 (13개 시중은행 - 금융결제원이 정보중계)  <참고> 최근 국산화 성공사례 한국수력원자력은 한국씰마스타(주)와 함께 원전의 냉각 계통에 사용되는 핵심부품을 자체 개발하는 데 성공(‘09. 3월) 두 회사는 2004년부터 전량 수입에 의존해오던 고가의 정밀 핵심부품인 `원자로냉각재 펌프 밀봉장치의 국산화에 착수, 10억여원의 개발비를 공동투입해 5년간 자체개발 연구를 진행해왔음 금번 부품개발 성공은 원전 4호기에 들어가는 부품 구매비용의 대폭 절감 및 원전의 기술자립에 크게 기여할 전망이며, 향후 연간 120억~150억원 규모의 수입대체 효과가 예상됨 이는 대중소 상생협력에 의한 결과라는 점에서 더욱 의미있는 사례",,,,"안녕하십니까? 지식경제부 산업경제정책과 김상효입니다  먼저 귀하의 제안에 대해 깊은 감사의 말씀을 드리며 검토의견을 회신하오니 참고하시기 바랍니다.  임시투자세액공제제도는 기업들의 투자에 대해 세액공제를 부여함으로써 경기 활성화를 유도하기 위해 임시적으로 도입된 제도이나 최근들어 매년 일몰이 연장되어 동 제도를 항구화하자는 의견이 많은 것이 사실입니다. 물론 최근의 경기상황을 고려할 때 항구화하는 방법도 검토할 필요가 있겠지만, 동 제도가 항구화된다면 조세를 통한 경기조절능력이 많이 약화되는 부작용이 우려됩니다. 따라서 동 제도는 매년 그 필요성 여부를 깊이있게 검토하여 일몰여부를 결정하고 있으며 금년에는 특히 경기침체를 고려하여 기본 10%공제와 함께 투자증가분에 대해 추가적으로 10% 공제를 하여 공제폭을 대폭 늘려 운영하고 있습니다.  둘째, 네트워크론은 자금조달에 애로를 겪고 있는 중소기업을 지원하기 위해 도입된 제도로서 최근 상생협력의 확산에 따라 대기업과 관계 협력업체를 중심으로 더욱 활성화되고 있습니다. 정부도 이를 더욱 촉진하기 위해 작년 조세관련 법률을 개정하여 네트워크론을 실시하는 대기업에 대한 조세 지원을 확대하여 동 제도가 중소기업을 지원하는 주요한 방식으로 자리매김할 수 있도록 제도상의 인센티브를 부여하고 있습니다.  끝으로R&D 세액공제는 R&D 비용으로 적용받는 범위가 각 국가마다 달라 오로지 공제율만을 가지고 비교하기는 힘든 측면이 있습니다만 작년 중소기업의 공제율을 상향 조정한 것은 대기업에 비해 R&D 역량이 취약한 중소기업에게 보다 많은 유인을 제공하기 위한 것이었고 대기업에 있어서도 제도의 실효성 확보를 위해 R&D 적용방식을 대폭 완화하였습니다. 다만 지적하신바와 같이 우리나라 R&D를 선도하고 있는 대기업의 R&D확대를 위한 세액공제율 확대는 관계부처와 그 필요성 및 확대폭에 대해 심도 있는 논의를 필요한 사항이라 생각합니다. 대기업의 선도적 R&D 확대를 통한 경기부양 및 위기 후 다가올 미래를 보다 선제적으로 대응하기 위한 다각적인 방안에 대해 금년도 조세관련 법률 개정시 지적하신 내용을 조세 당국과 깊이있게 협의하도록 하겠습니다.  다시 한 번 귀하의 고견에 깊이 감사드립니다.",임시투자세액 공제 일몰연장 등을 기획재정부에 건의,,산업통상자원부,2009-03-31
16,원전,내용,통화연결음의 선한 영향력,2021-07-20,교육/문화/체육/관광,울산광역시교육청,"○ 코로나19로 인해 일선 학교, 교육청에 비대면 민원상담 전화 지속적 증가 ○ 민원 상대 교원, 직원들의 애환이 속출하며 이들에 대한 보호는 미비한 현황 ○ 민원상담 업무의 효율적 처리와 악성 민원전화(장난, 음해, 협박, 욕설 등)로 인한 언어폭력을 예방하기 위한 조치 필요",○ 상호 존중 음성 안내 컬러링 도입 - 민원 상대 직원 보호와 효과적인 상담 진행을 위해 행정 전화에 음성 안내 컬러링(통화연결음)을 도입 - 통화 전 사전 고지를 통해 상호 존중하는 상담문화에 대한 인식을 일깨울 수 있는 계기 마련 ○ 컬러링 안내 문구(예시) - 민원 청취 의지를 부드럽게 전달하며 직원 보호 조치를 강조하는 데 초점 - “여러분의 목소리를 정성껏 경청하겠습니다. 존중의 언어로 마음을 전달해주세요.” - 위와 같은 감성 멘트로 소통을 시작하여 민원인의 심리적 경계를 자극하는 울림 전달,○ 새로운 통화연결음 제작을 통해 서로를 배려하고 존중하는 문화 조성 ○ 민원응대 직원을 보호함과 동시에 업무 능률 향상을 기대 ○ 상호 존중으로 더욱 진정성 있는 민원서비스를 제공,,이 제안은 2021년 공무원 My Job Idea 제안 공모전에 접수된 제안으로 제안심사위원회에서 채택하여 각 학교에 제안의 아이디어 사례를 학교에 안내하고자 함.,"1. 관련: 정책관-7353(2021. 8. 23.) 「2021년 제안 아이디어 사례 안내」  2. 제안의 실시 범위, 수혜 대상 등을 고려하여 현장 사례 안내에 적합한 제안을 선정하여 부분 채택하였음  3. 교내 의견 수렴 및 다양한 수요를 반영하여 학교별 실정에 맞게 제안사항을 적용하고 제안의 점진적 확대 및 실시 유도",,울산광역시교육청,2021-07-20
17,원전,내용,용인시 홈페이지에서 부서 및 담당자 업무공개시 부서위치 추가 제안,2020-01-09,행정/자치/안전,경기도 용인시,1.현재는 용인시 홈페이지에서 담당자를 찾을때 무슨 과! 담당 누구! 연락처! 업무로만 되어 있습니다  2.원하는 부서를 찾아 가기 위해서는 해당 과에 전화를 해서 위치를 물어 보아야 하는 번거로움이 있습니다  3.용인시를 처음 방문하시거나 어쩌다 방문하시는 분들은 본인이 원하는 해당과 위치를 찾기가 어렵습니다  4.전체 사다리 조직도에서는 층수가 나와 있지만 민원인이 해당과를 검색하고 들어가면 해당과 위치를 알수 없습니다,"1.현재 홈페이지에 해당과, 담당자, 연락처로만 되어 있는 곳에 해당과에( 장소 ) 위치를 추가로 넣어 공지를 합니다 ** 예를 들어** **총무과 """"""(본청 2층)"""""" 위치추가함 이철주과장 560-4021 ○ 총무과 업무 총괄  첨부파일을 참고해 주세요",1.홈페이지 검색만으로 민원인이 원하는 해당과를 편리하게 찾을수 있습니다  2.민원인이 해당과 위치를 물어보는 민원전화를 줄일수 있습니다  3.적극적인 행정으로 민원인의 불편을 줄여줍니다  4.국민들 입장에선 매우 고맙고 친절한 변화가 될것입니다,"
위치안내.jpg
위치안내2.jpg","○ 용인시 홈페이지에 대한 관심과 의견에 감사드립니다. ○ 현재 용인시 홈페이지는 조직도에서 부서명옆에 부서위치를 확인할 수 있으나, 민원인의 편의성 증진을 위하여 귀하께서 제안 하신 각 부서별 직원안내 페이지내에 해당 부서 위치(예: 본청 6층) 표시를 2월내에 조치하도록 하겠습니다. ○ 귀하께서 요청하신 사항과 같이 항상 시민의 편의성을 위하여 더나은 서비스가 이루어 질 수 있도록 꾸준히 노력하겠습니다. ○ 더 궁금하신 사항은 용인시 정보통신과(☎ 031-324-2084)로 연락주시면 자세하게 안내하여 드리겠습니다. 감사합니다.",용인시 홈페이지에 대한 관심과 의견에 감사드립니다. 귀하께서 제안하신 조직도 부서위치 표시를 홈페이지내에 2020년 2월 말에 반영 완료 하였습니다.,,경기도 용인시,2020-01-28
18,원전,내용,각 기관별 홈페이지에서 부서 및 담당자 업무공개시 부서위치 추가 제안,2020-01-08,행정/자치/안전,소방청,1.현재는 각 기관별 홈페이지에서 담당자를 찾을때 무슨 과! 담당 누구! 연락처! 업무로만 되어 있습니다  2.원하는 부서를 찾아 가기 위해서는 해당 과에 전화를 해서 위치를 물어 보아야 하는 번거로움이 있습니다  3.각 기관을 처음 방문하시거나 어쩌다 방문하시는 분들은 본인이 원하는 해당과 위치를 찾기가 어렵습니다,"1.현재 홈페이지에 해당과, 담당자, 연락처로만 되어 있는 곳에 해당과에( 장소 ) 위치를 추가로 넣어 공지를 합니다 ** 예를 들어** **총무과 """"""(본관 2층)"""""" 위치추가함 이철주과장 560-4021 ○ 총무과 업무 총괄  첨부파일을 참고해 주세요",1.홈페이지 검색만으로 민원인이 원하는 해당과를 편리하게 찾을수 있습니다  2.민원인이 해당과 위치를 물어보는 민원전화를 줄일수 있습니다  3.적극적인 행정으로 민원인의 불편을 줄여줍니다  4.국민들 입장에선 매우 고맙고 친절한 변화가 될것입니다,"
위치안내.jpg
위치안내2.jpg","1. 국민신문고 제안신청(신청번호 1AB-2001-001401) 내역의 검토결과에 따라 아래와 같이 조치하고자 합니다.  2. 제안자 및 제안내용 가. 제안자 : 김인환(인천시 서구 완정로 65, 109-1501)  나. 제안내용 : 소방청 홈페이지의 기관 및 부서소개란에 각 부서의 청사내 위치를 안내하여 민원인의 불편을 해소하여 주시기 바람  3. 조치계획 : 소방청 홈페이지 기관소개 메뉴의 부서명란에 각 부서의 청사내 위치(예시 : 정부세종2청사 17동 3층)를 명시하여 안내. 끝.","1. 국민신문고 제안신청(신청번호 1AB-2001-001401) 사항을 아래와 같이 조치하였기에 실시결과를 통지드립니다.  2. 제안자 및 제안내용 가. 제안자 : 김인환(인천시 서구 완정로 65, 109-1501)  나. 제안내용 : 소방청 홈페이지의 기관 및 부서소개란에 각 부서의 청사내 위치를 안내하여 민원인의 불편을 해소하여 주시기 바람  3. 조치결과 : 소방청 홈페이지 기관소개 메뉴의 부서명란에 각 부서의 청사내 위치(예시 : 17-3동 3층)를 명시하여 안내. 끝.",,소방청,2020-01-09
23,원전,내용,교육청 홈페이지에서 부서 및 담당자 업무공개시 부서위치 추가 제안,2020-01-07,교육/문화/체육/관광,충청북도교육청,1.현재는 교육청 홈페이지에서 담당자를 찾을때 무슨 과! 담당 누구! 연락처! 업무로만 되어 있습니다  2.원하는 부서를 찾아 가기 위해서는 해당 과에 전화를 해서 위치를 물어 보아야 하는 번거로움이 있습니다  3.교육청을 처음 방문하시거나 어쩌다 방문하시는 분들은 본인이 원하는 해당과 위치를 찾기가 어렵습니다,"1.현재 홈페이지에 해당과, 담당자, 연락처로만 되어 있는 곳에 해당과에( 장소 ) 위치를 추가로 넣어 공지를 합니다 ** 예를 들어** **총무과 """"""(본청 2층)"""""" 위치추가함 이철주과장 560-4021 ○ 총무과 업무 총괄  첨부파일을 참고해 주세요",1.홈페이지 검색만으로 민원인이 원하는 해당과를 편리하게 찾을수 있습니다  2.민원인이 해당과 위치를 물어보는 민원전화를 줄일수 있습니다  3.적극적인 행정으로 민원인의 불편을 줄여줍니다,"
위치안내1.jpg
위치안내2.jpg","1. 종합 검토의견  안녕하십니까? 제안 참여에 감사드리며 귀하께서 제기하신 제안에 대해 다음과 같이 회신하여 드립니다. 김인환님께서는 ‘교육청 홈페이지에서 부서 및 담당자 업무공개 시 부서위치를 추가’하는 것에 대하여 제안해주셨습니다.  귀하께서 제안하신 사항을 검토한 결과는 다음과 같습니다. 1. 제안해주신 내용과 같이 우리교육청 홈페이지 교육청소개〉기구표〉전화번호 안내〉 담당자와 연락처로 구성된 메뉴에 해당과에 대한 장소(위치)를 추가 안내하여 사용자의 편의성을 제공하도록 하겠습니다. 2. 다만, 홈페이지 수정을 위해서는 다소 시간이 필요할 것으로 예상되어 메뉴가 수정되기 전까지는 각 부서의 위치를 그림을 통해 안내하고 있는 도교육청 홈페이지 청사안내도 메뉴를 활용하시거나, 3. 홈페이지를 참고하지 못하고 직접 방문하시는 분들을 위하여 교육청 각 건물에 안내판과 청사배치도를, 본관 1층에는 안내데스크를 운영하고 있으니 참고하여 주시기 바랍니다.  귀하의 제안에 만족스러운 답변이 되었기를 바라며, 답변 내용에 대한 추가 설명이 필요한 경우 미래인재과 이혜영(043-290-2725)에게 연락주시면 성심성의껏 답변해 드리겠습니다. 앞으로도 충청북도교육청에 많은 관심을 갖고 소중한 의견을 주시기 바랍니다. 감사합니다.","안녕하십니까? 제안 참여에 감사드리며 귀하께서 제기하신 제안에 대해 다음과 같이 회신하여 드립니다. 귀하께서는 ‘교육청 홈페이지에서 부서 및 담당자 업무공개 시 부서 위치를 추가’하는 것에 대하여 제안해주셨습니다.  1. 제안해주신 내용과 같이 우리 교육청 홈페이지 교육청 소개 〉기구표 〉전화번호안내 메뉴에 담당자와 연락처로 구성된 해당 과에 대한 장소(위치)를 추가 안내하여 사용자의 편의성을 제공하도록 개선하였습니다. 2. 또한 도교육청 홈페이지 청사안내도 메뉴를 통해 그림으로도 볼 수 있으며, 3. 직접 방문하시는 분들을 위하여 교육청 각 건물에 안내판과 청사 배치도를, 본관 1층에는 안내데스크를 운영하고 있으니 참고하여 주시기 바랍니다.  귀하의 제안에 만족스러운 답변이 되었기를 바라며, 답변 내용에 대한 추가 설명이 필요한 경우 미래인재과 박준엽주무관(043-290-2877)에게 연락주시면 성심성의껏 답변해 드리겠습니다. 앞으로도 충청북도교육청에 많은 관심을 갖고 소중한 의견을 주시기 바랍니다. 감사합니다.",,충청북도교육청,2020-01-23
32,원전,내용,각 시.구청 홈페이지에서 부서 및 담당자 업무공개시 부서위치 추가 제안,2020-01-07,행정/자치/안전,인천광역시,1.현재는 각 시.구청 홈페이지에서 담당자를 찾을때 무슨 과! 담당 누구! 연락처! 업무로만 되어 있습니다  2.원하는 부서를 찾아 가기 위해서는 해당 과에 전화를 해서 위치를 물어 보아야 하는 번거로움이 있습니다  3.각 시.구청을 처음 방문하시거나 어쩌다 방문하시는 분들은 본인이 원하는 해당과 위치를 찾기가 어렵습니다,"1.현재 홈페이지에 해당과, 담당자, 연락처로만 되어 있는 곳에 해당과에( 장소 ) 위치를 추가로 넣어 공지를 합니다 ** 예를 들어** **총무과 """"""(본청 2층)"""""" 위치추가함 이철주과장 560-4021 ○ 총무과 업무 총괄  첨부파일을 참고해 주세요",1.홈페이지 검색만으로 민원인이 원하는 해당과를 편리하게 찾을수 있습니다  2.민원인이 해당과 위치를 물어보는 민원전화를 줄일수 있습니다  3.적극적인 행정으로 민원인의 불편을 줄여줍니다,"
위치안내1.jpg
위치안내2.jpg","1. 안녕하십니까? 먼저 시정에 관심을 가져주시고 좋은 제안을 해주신 귀하께 감사드립니다. 2. 귀하께서 제안해주신 내용은 “인천시청 홈페이지 내 부서정보에 위치정보 추가”로 이해됩니다. 3. 현재 우리시 웹사이트는 “부서정보(부서명, FAX번호), 직원정보(직위, 담당자, 전화번호, 담당업무)”를 서비스하고 있습니다. 4. 인천광역시 웹사이트를 이용하는 시민의 편의성 증진을 위해 귀하께서 제시해주신 제안을 적극 검토하여 부서정보에 “위치정보”를 추가하여 반영하도록 하겠습니다. 5. 다만, 현재 서비스 중인 부서 정보는 내부행정시스템과 연계되는 자료로써 프로그램 개발을 하여 서비스하기까지 다소 시일이 걸릴 수 있음을 양해 부탁드립니다. 6. 다시 한번 귀하의 고견에 감사드리며, 답변 내용에 대한 추가 설명이 필요한 경우 정보화담당관실 양승민 주무관 (☏032-440-2323) 에게 연락주시면 친절히 안내해 드리도록 하겠습니다. 감사합니다. 끝.","1. 안녕하십니까? 먼저 시정에 관심을 가져주시고 좋은 제안을 해주신 귀하께 감사드립니다. 2. 귀하께서 제안해주신 내용인 “인천시청 홈페이지 내 부서정보에 위치정보 추가” 사안이 2020. 2. 14일자로 홈페이지>조직도에 반영되었습니다. 3. 이해를 돕기 위해 조직도 캡쳐화면을 첨부하오니 참고하여 주시기 바랍니다. 4. 다시 한번 귀하의 고견에 감사드리며, 답변 내용에 대한 추가 설명이 필요한 경우 정보화담당관실 양승민 주무관 (☏032-440-2323)에게 연락주시면 친절히 안내해 드리도록 하겠습니다. 감사합니다. 끝.",,인천광역시,2020-01-08
33,원전,내용,엘이디 조명에 관한 건,2017-06-21,산업/방송/통신/과학,산업통상자원부,"국가적으로 엘이디 조명 교체사업이 진행되고 있고 더불어 적극적인 홍보활동에 따라 일반 국민들도 엘이디조명에 관심을 갖게되어 자비로 각 가정에 엘이디 조명 교체를 하고 있습니다. 기존 조명에 비해 가격은 비싸지만 교체를 하는 이유로는 장수명과 에너지 절약으로 인한 각 가정의 전기료의 부담을 조금이라도 낮추려는 생각에서 사비를 부담하면서 교체하는데 교체후의 만족도는 형편이 없습니다. 만족도가 떨어지는 이유로는 첫째, 수명입니다. 그러나 시장구매한 제품들이 대다수 1년도 못가서 점등불량이 발생하고 있습니다. 현실이 이러다보니 심지어 종래조명으로 돌아가는 경우까지 발생하고 있는 현실입니다. 더욱이 얼마전 엘이디 조명의 보증수명을 6개월로 한다는 기사도 보았습니다. 엘이디산업에 40년을 종사한 본인으로서는 도저히 이해 불가한 내용을 접해서 벼르고 별러서 제안을 하게되었습니다.",엘이디조명은 아주 작은 발광다이오드의 전자적효과에 의해 발광하는 것입니다. 즉 엘이디조명은 엘이디소자들의 집합체입니다. 다만 엘이디는 직류전원(DC)에 의해 구동되므로 AC 220V를 받아 엘이디를 구동할수 있는 DC로 전환하는 장치인 컨버터 혹은 파워써프라이라는 부속장치를 통과하여 점등하게 됩니다. 그런데 시장에서 판매되는 제품의 대부분이 중국제이고 한국제인 경우도 중국제와의 가격경쟁 때문에 부실한 조명을 만들어 경쟁을 하다보니 피해자는 소비자들 뿐입니다. 국내에는 많은 인증기관이 있고 기관에 종사하는 유능한 석학들도 많은데 그런 불량제품을 인증을 내주는 것을 보면 모르는거지? 모른척 하는건지? 수입업자들과 유착관게에 있는건 아닌지? 의구심이 들때가 많습니다. 나 나름대로 한국엘이디산업의 선구자라 자처했는데 이런 상황에 도저히 못견디고 나이 70에 전업을 하였습니다. 결론적으로 엘이디는 수명이 없습니다. 즉 제대로 만들면 태어날때 본 조명이 죽을때까지 켜있어야 합니다. 엘이디소자의 제대로된 사용과 제대로 만든 파워써프라이를 사용한다면 수명은 잊어버려도 됩니다. 내가 사는 집이나 사무실 모두 설치한지 10년이 넘었어도 전혀 불량이 없습니다. 부디 엘이디를 알고 정책을 입안하셔서 제대로된 제품이 소비자들에게 보급되기를 간절히 바랍니다.,조사해 보면 알겠지만 제대로 조명을 만들던 한국의 엘이디조명회사는 대부분 망했습니다. 그나마 규모가 있는 모기업을 백그라운드로 설립한 몇 회사들만 살아남아 명맥을 유지하고 있고 중국에서 대량으로 수입하는 유통업자들만 흥청거리는 실정입니다. 사드로 인해 중국에 그렇게 보복을 당하면서도 엘이디조명이라도 제대로된 인증과 검사를 못하는지? 안하는지? 이렇게 시장을 엉뚱한 길로 가는것을 보고 있습니까? 관계부서분들 한국인 맞습니까? 부디 엄격한 인증을 통해서 중소기업도 살리고 일반 가정에 보급되는 제품도 역시 엘이디가 좋네 하는 소리가 나오기를 바랍니다. 더욱이 원전불가론까지 대두되는 마당에 보급율을 올려서 발전소 한곳이라도 절약하는 그 날이 오기를 기대합니다.,,"귀하의 제안이 채택된 후 재심사 요청되는 등 국민신문고 시스템 오류로 인하여, 아래와 같이 기존 답변으로 재심사 결과를 등록해드리니 참고하시기 바랍니다.   -----------------------------------------------아 래----------------------------------------------------------------  1. 안녕하십니까? 국민과함께하는 산업통상자원부입니다. 2. 귀하께서 국민신문고에 신청하신 제안(1AB-1706-004443, 1AB-1706- 006399)에 대하여 아래와 같이 답변합니다.  [제안] ㅇ 불량 LED조명의 유통으로 인한 소비자 피해를 예방하고 나아가 국내 LED생산기업의 경쟁력 강화를 위해 - LED광원을 구동하는 컨버터 등 조명기기 부품류의 시험인증항목에 수명과 관련된 사항을 추가하여 엄격한 인증심사를 통해 양질의 LED조명을 보급할 수 있도록 개선 - 인증받은 제품과 유통제품이 차이가 있는 경우 즉시 인증취소 등 엄격한 사후관리  [답변](부분채택) ㅇ LED조명기기와 관련하여 KS C 7653(매입형 및 고정형 LED등기구) 등 11종의 전문 표준이 제정되어 있으며, 조명기기 안전관련 KS C IEC 60598-1(등기구 - 일반) 등 20여종의 표준이 제정되어 있습니다. - 또한, KS C IEC62031(LED모듈), KS C 7655(LED모듈전원공급용 컨버터)등 LED광원과 관련 부속품류의 표준도 제정되어 있습니다. ㅇ 귀 제안과 같이 수명과 관련하여 정격수명을 보증하기 위한 KS C 7653에서는 내구성시험 항목을 규정하고 있으며, LED구동용 컨버터에 대해서는 KS C 7655에서 열충격 시험 및 개폐시험(1000회 이상)을 실시하여 수명보증을 대신하고 있습니다. - 따라서 LED광원을 사용하는 조명기기류의 표준화는 이미 KS표준으로 정립되어 있고, 수명에 대한 사항도 KS표준의 시험항목으로 규정되어 있음을 알려드립니다.  ㅇ 다만, 사후관리강화와 관련한 귀하의 제안을 채택하여 LED조명에 대해서도 2017년 시판품조사 대상에 포함하고, - 인증제품과 다른 불량 KS제품의 유통을 차단하기 위해 연중 상시적으로 시판품 조사를 실시하여 KS기준에 미달하는 제품에 대해서는 행정처분하는 등 엄격한 사후관리가 될 수 있도록 조치해 나갈 예정입니다.   3. 귀하의 제안에 만족스러운 답변이 되었기를 바라며, 답변 내용에 대한 추가 설명이 필요한 경우 산업통상자원부 전기전자표준과 김종오연구관(☏043-870-5366, kimjoh@ korea.kr), 표준조정과 최은진연구사(☏043-870-5389, eunjinchoi@korea. kr)에게 연락주시면 친절히 안내해 드리도록 하겠습니다. 감사합니다. 끝.",2017년 시판품조사대상에 포함하여 실시완료,,산업통상자원부,2017-08-30
34,원전,내용,단체인원 조정,2013-07-10,산업/방송/통신/과학,과학기술정보통신부,"안녕하십니까? 저는 경기도 화성시 소재 홍익디자인고등학교 2학년 2반 담임 이강원입니다. 7월 16일 전일제 창의적체험학습활동을 앞두고 체험학습장소를 찾던 중 국립과천과학관을 방문학습 하기로 하고 홈페이지에 들어와 정보를 수집하던 중, 단체할인 입장료의 적용 인원이 20명인 것을 알았습니다. 우리 반은 전체 인원이 19명이고, 그 중 운동부 학생은 체험학습 행사에는 참가하지 않으므로 단체할인 적용인원에는 미치지 못합니다. 우리 학교의 다른 반도 정원이 17명인 학급이 두 반이나 더 있고, 운동부를 제외하면 더 많이 나올 것으로 생각됩니다. 자라나는 청소년들에게는 호기심과 상상력을 자극하여 창의력을 키워주고, 어른들에게는 과학기술의 중요성을 인식하고 확산시키는 ‘과학기 술 대중화’의 중심기관이 되고자 국가에서 설립하여 운영하는 귀 귀관의 목표로 볼 때, 우리 학급과 같은 상황의 학급이 전국적으로는 많을 것으로 생각되므로 단체할인 적용인원의 하향 또는 탄력적 운영이 필요하다고 생각합니다. 이러한 문제로 귀 기관에 민원전화를 넣으니(7월3일 09시02분, 02-3677-1500) 안내원의 말씀이 이런 경우 그냥 20명으로 단체할인적용가로 입장권을 구입하라고 합니다. 그러면 학생들은 1500원으로 입장하니 전체적으로 이득이지 않느냐고 말씀하셨습니다. 존재하지도, 입장하지도 않는 인원의 입장료를 내고, 전체적으로는 이득이니 그냥 그리하라는 말씀은 이해가 가지 않았습니다. 이렇게 하는게 국가에서 설립한 기관이 할 일인가? 하는 섭섭함이 밀려 왔습니다.  저의 의견은 1. 단체할인 적용 인원의 하향(10명) 또는 폐지. 2. 이것이 무리일 경우 탄력적 운용 : 학급단위 또는 동아리단위일 경우는 인원수 제한 않음.  국가기관이 우리와 같은 작은 학급을 차별한다는 것은 있을 수 없는 행동이라고 생각합니다.",,,,"안녕하세요.. 선생님.  국립과천과학관입니다. 지난 번에 민원 제기해 주신 학급단위 소규모 단체에의 단체요금 할인 적용에 대해서는 관련 규정 개정을 추진하고 있습니다. 다만, 지난번에 접수해 주신 국민신문고 민원 내역에 대해서 제가 시스템에 관한 이해 부족으로 잘못 체크함에 따른 후속조치로 부득이 본 메시지가 발송됨을 양해하여 주시기 바랍니다. 10월 이후에 관련 처리 여부를 별도로 통보 드리겠습니다. 항상 건승하시기를 기원합니다.",학급단위 소규모 단체에의 단체요금 할인 적용에 대한 규정 개정 추진 중,,과학기술정보통신부,2013-10-01
35,원전,내용,국민주택기금 주택구입자금과 전세자금대출시 신혼부부인 경우 자격 요건 완화해 주세요,2010-11-25,국토/교통/농림/해양,국토교통부,"국민주택기금 주택 구입자금대출은 부부합산 연소득 2천만원이하인 자를 대상으로 하고 전세자금대출의 경우에는 본인 소득을 기준으로 연소득3천만원이하인 경우 신청이 가능하며, 세대원전원의 무주택 기간이 6개월이상 되어야 하는 것으로 알고 있습니다.  신혼부부인 경우 주거안정등을 우선으로 고심하므로 자녀출산을 뒤로 미룰수 밖에 없고 이것이 저출산으로 이어지는 현상이 발생되므로 국가적으로도 손해라 생각됩니다.  신혼부부는 주거안정을 위해 맞벌이를 하는 경우가 대부분입니다. 이에 구입자금대출의 대상조건인 부부합산 연소득2천만원을 초과하는 경우가 대부분이라 볼수 있으며, 전세자금대출의 대상기준인 본인소득이 3천만원이하 또한 해당되지 않는 경우가 실질적으로 많으리라 봅니다.  무주택 기간 또한 별도의 기간을 두지 않고 대출신청 시점을 기준으로 하여 정하여 준다면 신혼부부의 주거안정에 대단히 도움이 되리라 사료됩니다.  국가적으로도 저출산에 대한 우려가 많은 것이 사실이므로 자녀출산을 장려한다면 현행의 기금대상 기준이되는 연소득 부분과 무주택기간 6개월이상 규정을 완화하여 미래를 책임질수 있는 신혼부부들에게 내집마련등 주거안정을 이룰수 있도록 제도를 보완해 주실것을 부탁드립니다.감사합니다.",,,,"국토해양행정에 관심과 애정을 가지고 의견을 보내주신 원성원님께 감사의 말씀을 드리며 보내주신 의견에 대하여 아래와 같이 답변드립니다.  < 제안요지 > - 저출산 장려를 위해 신혼부부가 주택구입자금과 전세자금대출을 신청할 때 연소득기준과 무주택기간 완화 요청  < 제안에 대한 답변 > 1) 귀하께서 제안하신 저출산 장려를 위한 신혼부부에 대한 연소득기준과 무주택기간 완화 요청에 대해서는 국가 차원에서도 여러 가지 방면으로 검토중에 있음을 알려드리며, 우리부에서도 현재 다방면으로 고심중에 있는 사항을 지적해 주셔서 감사의 말씀을 드립니다.  2) 국민주택기금대출 지원요건은 기금운영여건 및 타이용자와의 형평성, 기타 제반요소등을 종합적으로 고려하여 충분히 검토하여 개선해 나갈것을 약속드리오니 참조하시기 바랍니다. 감사합니다.끝.",-,,국토교통부,2010-11-26
36,원전,내용,G-20 정상회의 홍보 방안 응모,2010-03-21,행정/자치/안전,행정안전부,"【개요】세계에서 오직 우리의 것 하나 밖에 없는 고유 전통문양이나 무궁화 꽃 장식 보도블록 설치   ■현황 및 문제점 보도블록에 새카맣게 달라붙은 수많은 껌을 제거하는 장면과 함부로 껌 뱉다 적발되면 벌금형이라는 3월 19일자 방송 뉴스를 접할 만큼 기초질서가 취약한 부끄러움이다.  더군다나 도심 속에 살다보면 매일 보이는 식상한 것들에 치여 산다. 회색빛 건물, 자동차, 거무티티한 도로에 무표정한 보도블록.   ■개선내용  서울, 부산, 인천, 경주, 광주 등 행사장 주 동선인 주변도로 보도블록을 세계 어느 나라에서도 볼 수 없는 오직 우리나라 고유문화가 살아 숨쉬는 태극무늬, 무궁화 꽃, 또는 단청에서 힌트를 얻은 다양한 장식이나 한지공예의 귀여운 어린이 전래놀이 표정 ""G-20 로고‘, 2002 월드컵 응원전 때 응용됐던 태극기 패션 등이 어우러진 독특한 문양의 보도블록을 깔아보자 단 태극기와 무궁화 꽃 도형을 밟고 다닐 수는 없으니 측면 배치 또는 형상화한 발상을 고려하면 좋겠다.   ■기대효과  0 이야기가 있는 거리로 인한 우리문화 홍보효과 0 친환경적인 수려하고 아름다운 도시 미관확보 0 행사 후에도 도시인들의 정서적 시너지 효과 0 어린이들에게는 교육적 상승효과",,,,"G20 아이디어 공모에 참여해 주신데 대해 진심으로 감사 드립니다. 귀하께서 제안하신 태극기, 무궁화, 단청 등 한국적 문양의 보도블럭 조성은 한국의 전통문화를 홍보할 수 있다고 생각합니다. 동 제안은 관계기관 등에서 시행될 수 있도록 우리부에서 최선을 다하도록 노력하겠습니다. 앞으로도 많은 관심을 부탁드립니다. 감사합니다. 안녕히 계십시요","G20정상회의를 계기로 우리나라의 국격 제고를 위하여 기초질서, 교통질서 등 생활질서 선진화를 위하여 총리실 주관으로 주요과제를 선정하여 추진하고 있음",,행정안전부,2010-04-20
38,원전,내용,중소기업 신재생에너지 산업분야 지원정책개발,2008-12-12,산업/방송/통신/과학,중소벤처기업부,"아래글을 먼저 읽러 주시고 그 다음 현행제도 및 운영실태와 문제점, 개선내용, 개선시 기대효과를 포함하여 여러분들과 정책을 개발 완성하겠습니다.  안녕하세요, 대전에 계시는 중소기업청 기업협력과 직원 여러분 !  중소기업 신재생에너지 투자 의욕의 향상을 도모하는데 전략을 개발하십시오.  이글을 오늘 틈틈히 또는 식사시간을 이용하여 읽어 주시고 다 함께 머리를 조아리며 지금 한국에서 중소기업들이 어떠한 형태로 신재생에너지 산업을 일구어야 되는지 전략을 만들어 봅시다.   ""떠 오르는 한국신재생에너지 산업""  미국 버락 오바마와 공화당 대선후보 존 메케인 미국 전역을 열광적으로 선거열풍이 불던 2008년 11월 네이버 카폐 한국신재생에너지동호회를 담당하는 서울 집무실에서는 해외 각국에서 돌아와 필자와 함께 어울리며 담소하는 참모진들 속에 이런 말들이 새어나오고 있었다.  『요새 세상에 석유보다 신재생에너지가 강자임을 극명하게 보여준 것이 바로 미국 대선 열풍이다. 석유의 나라를 쳐들어가 점령지에 자기 나라 젊은 군인을 파병하여 목숨을 바친 뒤, 전쟁에 승리했다고 만세를 부르는 정치가는 정말 바보이다. 국제사회가 이를 결코 그대로 두고 보지 않는다. 보복과 반격이 즉각 여론화되어 국제사회에서 왕따가 되기 때문이다. 미국의 부시가 지금 그런 꼴이다. 석유확보 수단으로 군사 침공은 남을 파괴하고 자기를 파괴시킬 따름이다. 이와 함께 세계 석유가격을 대폭 인상 할 뿐이다.  석유전쟁 다음으로 멍청한 짓이 핵 개발 사실을 시인한 이후 몇 가지를 핵문제 해결의 조건으로 제시한 북한당국 정책담당자들이다. 자기들이 제시한 정책기획안을 갖고 협의사항으로 추진되는 것은 물론 김 위원장에게 칭찬받는 일처럼 영광이며 기분이 좋다. 그러나 한 순간 기분이 좋다는 것일 뿐 그것으로 세상이 달라지는 것은 아무것도 없다.  전쟁에 일생을 바친 독일 나치집단 히틀러의 제 2차 세계대전중 독일은 석유 자원이 없음에도 불구하고 그토록 싸울 수 있었던 것은 [인조석유]에 의존하는 신재생에너지 기술, 천연가스를 일산화탄소와 수소에 분해하는 기술력이 우수하기 때문이다. 당시 세계 유수한 화학공장 IG파르벤社를 중심으로 독일 국내 12개 공장을 비밀리에 건설하여 대량 생산을 시작으로 1940년에는 연간 350만배럴 인조석유를 제조할 수 있었다.  이 숫자는 2차 세계 대전 당시 일본이 항복하기전 까지 사용하던 석유 소비량이다. 만약 일본이 당시 독일처럼 신재생에너지 산업분야 가스액화기법을 연구했다면 미국과 전쟁하는 일은 없었을 것이며 당시 진주만 공격에서도 실패하지 않았을 것이다.  당시 미국군부 H・E・캬멜 태평양 함대 사령장관이, 「일본군은 하와이의 연료탱크에는 전혀 공격을 하지 않았다. 만약 진주만 일대 석유가 염상하고 있으면, 미군 회복은 아마도 반년정도 늦었을 것이다 」라고 증언하고 있듯이 석유는 일본군에 있어서는 공격 목표에서까지 설정하지 않았던 실수는 지금까지 계속 후회하는 일본 군사내부 기록물의 것들이다.  독일의 인조석유는 품질도 우수하고 옥탄가96(고옥탄 가솔린 상당)의 제품 등은 항공기에 사용되었다. 그러나 인조석유의 코스트는 천연 석유의 45배 정도로 전시 경제를 더욱 압박하는 수단이 되어 결국 독일의 나치집단 패배의 한 요인으로 분석되고 있다.  (GTL:gas to liquids)이란 천연가스를 일산화탄소와 수소에 분해 한 후 분자 구조를 새로 짜 넣어 액체연료 등을 만드는 기술이다. 일본 쇼와 쉘석유는 이 기술을 이용한 등유를 시험적으로 발매하고 있다.  석유라면 언제나 세계 1,2등을 도맡아 경험하던 독일과 일본이 지금 태양광발전산업의 분야에서 어디에 있는가를 생각해보면 필자의 말이 무슨 말인지를 금방 알게 될 것이다. 진짜로 똑똑한 자는 그런 짓을 하지 않는다. 경제와 신재생에너지기술, 전력발전 문화 파워로 자기 영역을 알게 모르게 확장시키는 자가 현명한 자이다. 태양광발전 산업을 세계적으로 리더하는 국가가 바로 독일과 일본이다. 여기에 미국 29주 캐나다 9주를 포함한 중국 및 세계 66개국들이 재생에너지 이용촉진을 위한 정책목표와 전략을 급속하게 확장하고 있다.  국가도 마찬가지이다. 우수한 신에너지(수소, 연료전지, 석탄가스액화)와 재생에너지(태양광, 태양열, 바이오에너지, 풍력, 지열, 해양, 폐기물) 분야에서 기술문화와 에너지 경제는 여기에 저항하는 자가 없을 뿐더러 오히려 서로 앞을 다퉈가며 이를 받아들이려고 한다. 이것이 달라진 세계의 오늘날 세계의 모습이다』  이글을 오늘 틈틈히 또는 식사시간을 이용하여 읽어 주시고 다 함께 머리를 조아리며 지금 한국에서 중소기업들이 어떠한 형태로 신재생에너지 산업을 일구어야 되는지 전략을 만들어 봅시다.  대만은 기업 가운데, 98%가 중소기업이며 취업인구의 77%를 차지하는 등 중요한 경제의 지주입니다. 2009년에는, 중소기업의 수는 135만社, 매상고는 13조8000억대만원, 취업인구는799만명에 이를 전망입니다. 중소기업은 유연성이 풍부해, 새로운 것을 도입해 이노베이션(innovation)의 기업가 정신이 풍부해, 대만의 경제발전과 사회의 안정을 리드하는 중요한 요소가 되고 있습니다.  온실가스 감축을 위한 국제사회에서 세계 각국 66개국 중소기업들이 온실가스 감축을 위하여 다양하게 협력하고 노력하고 있습니다. 지금 환경 문제는 경직된 세계금융 사태에도 불구하고 적극 협력하는데 해당 국가정부기관과 은행 또는 정책이 다들 자기 나라 기업들이 해외 어디에서든지 지원하고 있다는 것은 바로 중소기업 협력정책이기도 합니다.  이미 가정용 풍력발전, 태양광발전, 하천을 이용한 작은 수력(소수력)발전과 가정에서 매일 나오는 쓰레기를 활용한 페기물에너지, 태양열을 이용한 건축구조물에서 에너지 절약시스템 등 신재생에너지 산업분야 전체 속에서 상상력을 펼치고 전개하는 것이 바로 지금의 세계적 흐름입니다.  지구전체 태양에서 받는 에너지는 지표나 해면에서 열로 바뀌어 극히 일부 지구 전체가 태양으로부터 받는 에너지는 지표나 해면에서 열로 교환되어 극히 일부가 바람이나 물결, 해류 등을 창출하는 에너지원이 됩니다. 이와 함께 화석연료도 태양에너지가 지중에 축전된 것입니다. 아래 사항은 바로 매초마다 에너지량을 산출한 근거자료입니다.  지구상의 클린 에너지원의 비교  에너지량  수력 매초 5 억Kcal 조석류 매초 7 억Kcal 지열 매초 77 억Kcal 풍력 매초 880 억Kcal 태양광 매초 420,000 억Kcal  (한국신재생에너지동호회(http://cafe.naver.com/posmanber) 자료실)  위와 같은 자료를 근거하는 이유는 대한민국에서 태양광발전을 시작하려면, 그리고 풍력발전을 준비하려면 또한 재생에너지 사업을 위하여 이리 저리 헤매고 다니면서 주변 국내외 시장동향을 살피면서 뛰어 다니는 사람들이 모두 다 가슴으로 제발 IMF와 같은 사태는 오지 말거라 하고 다닙니다. 신재생에너지 분야 중소기업을 시작하려면 친척이나 형제들도 도와주지 않습니다. 게다가 중소기업청에서도 도와주지 않습니다. 왜냐하면 친척이나 형제들, 그리고 중소기업청 기업협력과 직원들이 아직 신재생에너지 분야에 대하여 전무하다는 것입니다.  인터넷을 검색하시거 신에너지는 무엇이고 재생에너지는 무엇인가를 먼저 살펴 주십시오, 그리고 그러한 해당분야 사업을 시작하는 중소기업 입장에서 태양광발전을 하려면 어떤 절차나 관련기관 인허가를 내어야 하고 얼마나 많은 시간과 노력이 드는가 생각해 보십시오, 또한 이들은 외로운 가슴을 뒤로하고 서로 협력하려는 해당기업들과 심오한 노력을 함께하기도 하지만 또한 상생협력이 잘 안 되는 한국의 입장에선 해외시장에서 뛰어 다니기도 하지요.,  solar power system을 개발한 한국 중소기업 엔지니어의 사장은 안산시에서 수십년간 공장을 하고 있으며 여러 법인을 운영하고 있습니다. 그러나 그 분은 지난달 베트남에서 에너지전시회가 개최되어 한국기업 혼자 외로이 출전하여 당당하게 동남아 시장 접근을 매우 정확하게 하시는 50대 사장님과 필자와 얼마전 서울 서소문 근방 술좌석에서 이러한 대화를 한 적이 있습니다.  필자님 !. 한해 한해 점점 힘이 들어갑니다. 국내에서 이노비즈 하려면 몇 개월이 걸리고 무엇을 개발하고 해당기관 찾아다니면 몇 개월이 걸리고 중소기업에서 인건비가 비싼 요즈음 사장이 전부 이것저것 하면서 다니는데.......... 중소기업을 돕고 지원하는 기관에서는 전부 해당 부처를 잘못 방문했거나 법이 이렇습니다. 하는 통에 분해 터져 동남아 시장 나홀로 세일하여 주문을 접수하여 차라리 해외에 공장을 만들어 해외에서 사업하는 것이 제일 좋다는 것이랍니다.  중소기업청 기업협력과 직원 여러분 !  귀하들에게 방문하는 민원인들은 귀하들 만나기 전 얼마나 많은 노력을 경주하여 사업이 망하던 흥하던 그들은 기업을 키워 나가면서 새롭게 새로운 산업에 도전하려는 야심을 지원하는 것이 아니라 그러한 마음을 억제하고 있는 것은 여러분들의 언행과 태도입니다.  중소기업중앙회에서 상담하여 중소기업청에서 승인을 해 준다는 중소기업협동조합법에는 신재생에너지와 관련된 구체적인 법이 되어 있는지 살펴보십시오, 우리나라 제도에서는 중소기업들이 뭉쳐 해외시장 접근하는 제도는 협동화사업도 있고 협동조합 제도의 사업도 있습니다. 물론 무역협회 가입도 하고 KOTRA 회원사로 가입도 하고 하는 마음은 중소기업 사장 마음이지요,  그러나 귀하들은 제출한 서류 몇가지 만을 보고 검토하는데만 신경을 쓰고 있지 정말 해당 사장들의 해당 산업현장에서 마음의 자세를 읽지 못하고 있다는 점에 대해서 경직된 근무 자세를 하고 있다는 것입니다.  대만을 비교하는 것을 이해해 주십시오, 그것은 귀하들이 대만 사람들보다 덜 생각하고 덜 깨닯고 있다는 점이지요, 또한 신재생에너지 산업분야의 기초를 모르니 이 분야 중소기업을 어떻게 기업협력해야 하는가에 대한 방법을 전혀 모르고.......  오래전부터 내려온 협동조합법에 의하면 ..... 라고 이야기하는 아래 사람들이 있다면 ..... 아니야 세상이 변하고 있으니 자네 신재생에너지 산업분야를 공부하고 연구하여 정말 녹색성장에 뒤 받침 할 수 있는 전략을 개발하게, 하고 말하는 중간자들이 되어야 하지요,  지금 대만에서는 그린산업을 위한 중소기업자금협력에 의한 원조. (1) 중소기업의 신용보증을 강화. (2) 행정원 국가 발전 기금에 의한 전통 산업에 투자 촉진. ... 조치를 발전시키고, 조기의 「재생가능에너지. 발전 조례 ( 초안 )」(을)를 완성. 2. 산업의 레벨업이나 모델체인지 ... 등 이러한 용어가 무엇이냐면 대만에서는 이미 신재생에너지 산업분야 지원전략이 있다는 것이지요,  대만은 태평양상의 제주도보다 면적은 크지요,(36,000평방 킬로미터) 인구는 2,300만 명입니다. 여기에서, 수많은 중소기업분야 세계 기록이 탄생되고 있다는 것입니다.  대만은 한국과 마찬가지로 천연자원은 부족하고, 경제발전 초기 50년대, 경제적인 조건은 상대적으로 한국처럼 매우 열악했습니다. 50년대, 대만정부가 수입체대 정책을 추진하고 민생을 위한 공업의 기초를 굳혔습니다. 60년대, 노동력 집약형 공업의 수출 촉진 정책을 추진해, 수출 가공구를 마련해 수출을 장려해 자본을 축적했습니다. 70년대, 10 다이켄설 정책을 추진해, 중화학공업의 발전의 기초와 기반을 수립했습니다.  80년대 이후, 자본 및 기술 집약형 공업을 추진해, 신죽사이엔스파크를 창설하고, 화교계의 전문가 등을 맞아들여 전자 정보산업을 발전시켰습니다. 1953년부터 2005년까지, 대만의 매년 평균의 경제 성장률은 8%에 이르고 있습니다. 2006년에는 한 명당 평균 GDP 1만6,000달러를 웃돌아, 대외 무역 총액은 4,200억 달러 이상과 수출입 모두 세계에서 16번째의 규모에 이르는 등, 대만은 각국의 중요한 경제적 파트너가 되고 있습니다. 물론 한국과 경쟁 대상이 되기도 하고 모두 장단점이 있는 반면 대만은 한국보다 중소기업 협력 기능이 월등하기도 하다는 점이지요,  장기적인 경제성장을 근거로 본다면 대만정부는 「대만 투자 우선」의 이념을 추진하여 뛰어난 투자환경과 새로운 산업 발전의 신국면을 구축하는 것으로, 기업의 대만 투자를 증가시킬 수 있도록 전력하고 있습니다만 한국에서 해외 기업들이 투자를 마다하고 떠나는 이유가 무엇인지 중소기업청 기업협력과 직원 여러분들께서 가만히 가슴을 왼손에 대고 생각을 해 보십시오,  바로 귀하들이 갖고 있는 상식기준으로 한국의 중소기업들이 어려운 경제난국에서 신재생에너지 산업을 위해 피가 말라 애를 태우며 이리 저리 뛰어 다니면서 사업을 일구는 기업인들 당신의 입장에서 파악하지 않고 중소기업협동조합 법에 의하면 이러하고 어떤 법에 의하면 이러한 근거를 제시하는 실무자들의 소견이나 중소기업자들의 민원을 상대하는 담당 과장님께서는 매우 연약한 상식 기준을 갖고 있다는 것입니다.  세계 각 국가 정책이 변하고 한국에서도 오랜만에 경제를 경험한 주식회사 대한민국 대표이사 MB씨가 녹색성장을 표명한 마당에 녹색성장의 이념을 제대로 이해하지 못하고 있다는 점보다 우선 신재생에너지 산업분야에서 중소기업들이 어떤 형태로 협력하여 글로벌 시장으로 나가야 되는가 생각조차 못하고 있다는 점이 조금 우울합니다.  마이크로소프트 회장 빌 키이츠 씨는 대만을 방문할 때마다, 중소기업들이 이노베이션(innovation)하는 노력에 매료되거나 경탄을 하기도 합니다.  대만의 정보과학 기술 산업 덕분에 PC는 더욱 매력적으로, 보다 많은 사람들 모두에게 손에 닿기 쉬운 것이 되었습니다. 이것은 바로 중소기업들의 노력이었으며 귀하들과 비슷한 지원기관에서 적극적으로 (innovation)한다는 것이지요,  대만 경제부는, 경제정책의 제정과 시책의 집행을 맡습니다. 경제부의 업무 범위는, 무역, 공업, 수리, 국영사업, 상업, 중소기업, 투자, 지적 재산, 표준검사와 도량형, 에너지, 및 광업 등에 전반적입니다.  글로벌 경쟁과 도전에 직면하고 있는 중소기업 협력에는 전사적이며 특히 에너지와 관련된 일에는 더욱 적극적으로 이노베이션(innovation)과 스피디한 대응의 정신으로, 중소기업과 함께 대만 경제의 훌륭한 미래를 구축하고 있습니다.  무역지원정책 세계의 경제체제의 일원으로서 대만은 적극적으로 WTO, APEC, OECD 등의 국제 경제 무역 조직의 활동에 참여 해, 스스로의 발전의 경험을 기본으로 공헌하고 있습니다. 지역 통합과 신흥 국가의 발흥에 대해, 정부는 2국간 경제 무역 관계를 강화해, 무역의 간편화를 추진할 수 있도록 ,FTA에 조인을 협의하고 있습니다. 지금까지 파나마, 과테말라, 니카라과, 온두라스, 엘살바도르등 사이로 FTA에 조인했습니다. FTA에의 조인은, 대만의 세계경제에 대한 공헌 능력을 높여 대만 기업의 모든 무역 파트너의 이익에 협력합니다.  공업분야 정책 공업 정책의 면에서는, 디스플레이 산업, 자동차 부품, 기계 설비 등, 관련한 산업의 성장을 추진해, 수직 정합의 효과를 강화하는 것으로, 완전한 산업 체계를 확립해 가고 있습니다. 과학기술의 창조와 연구 개발을 향한 환경을 수립해 각종 지도 조치를 통해서, 무선 브로드밴드, 디지털 생활, 건강산업, 및 그린 산업(신재생에너지)의 발전을 특별하게 촉진하여, 전통 산업의 진흥에도 힘을 쏟는 것으로, 산업 발전의 새로운 국면을 만들어 내고 창출합니다.  대만 거대 기계 이사장류금표씨：대만 거대 기계는 세계 최대의 자전거 전문 메이커가 되어, 자이언트는 세계의 유명 브랜드가 되었습니다. OEM으로부터 국제 브랜드를 수립할 때까지 산업의 형태 전환으로, 경제부가 시의 적절한 협력은 성공의 열쇠입니다.  수리/국영사업 경제성장과 자원의 영속적 발전을 함께 달성하는 원칙의 아래, 경제부는 현유의 수자원, 광업 및 에너지 자원의 관리와 개발을 적극적으로 추진하고 있습니다. 민생 수요를 만족하는 것과 동시에, 경제발전과 환경보호의 밸런스도 중시하고 있어, 그린 산업 발전의 환경을 쌓아, 자원 이용의 효율을 개선하는 것으로, 영속적 발전을 달성합니다.  국영사업의 면에서는, 기업의 재생을 추진해, 사업 경영의 효율상승과 민영화를 추진합니다.이것에 의해, 민간 경영의 유연성과 활력을 주입해, 사업 경영의 발전을 촉진하고 있습니다.  서비스업 서비스업의 비중은 경제발전의 정도를 도모하는 지표의 하나로, 대만의 서비스업의 생산고는 국내 생산고의 70%이상에 이르고 있습니다. 목하, 정부는 전신, 금융, 도매, 소매, 음식, 물류, 유행 문화, 및 컨벤션 등의 비즈니스 서비스업, 및 정보 서비스, 연구 개발 설계, 컨설팅 등의 기술 서비스업을, 중점적인 발전 항목으로 하고 있습니다. 또 서비스업에 의한 제조업에의 서포트를 통해서, 타업종간의 융합으로부터 부가가치를 낳아, 서비스업을 경제성장의 새로운 원동력이 되도록 노력하고 있습니다.  중소기업 대만 기업 가운데, 98%는 중소기업에서, 취업인구의 77%를 차지하는 등 중요한 경제의 지주입니다. 2009년에는, 중소기업의 수는 135만社, 매상고는 13조8000억대만원, 취업인구는799만명에 이를 전망입니다. 중소기업은 유연성이 풍부해, 새로운 것을 도입해 이노베이션(innovation)의 기업가 정신이 풍부해, 대만의 경제발전과 사회의 안정을 리드하는 중요한 요소가 되고 있습니다.  한국보다 새로운 대만의 장점(우위성)  2-1 투자환경 대만은 아시아 태평양 지역의 중심에 위치하고 있고, 편리한 국제 해운과 항공 네트워크를 껴안고 있어 고웅항은 세계 제6위 정도 항구에 랭크되고 있습니다. 대만은 아시아 지역에서의 면밀한 비즈니스와 투자의 네트워크를 가지고 있습니다. 특히 대만 해협 양안의 경제 무역정책은, 「적극적인 관리, 효과적인 개방」의 주축의 아래에서, 정부가 대만에 깊게 위탁해, 글로벌인 경제발전을 위한 포진을 강화해 갈 것입니다. 다국적기업이 아시아 진출을 도모할 때의 베스트 파트너입니다. 다국적기업에 의한 대만에의 투자를 유치하기 위해 대만정부는 조세, 용지 등에 관한 우대조치를 제공해, 자금 취득이나 기업의 오퍼레이션에 협력하는 등, 외자계 기업에 플랜지의 서비스를 제공하고 있습니다.  2-2 지적 재산권의 보호 대만정부는 지적 재산권의 보호에 힘을 다하고 있어 법안의 제정. 수정 외에, 지적 재산권 전문 단속 팀의 구성 등을 실시해, 다국적기업의 대만에의 투자 의욕의 향상을 도모하고 있습니다. 정부는 연구 개발과 이노베이션(innovation)를 장려하고 있습니다. 대만의 과학기술과 창조력은 오랜 세월에 걸쳐 세계에서도 톱 클래스에 위치하고 있어, 미국에서의 특허 획득 건수는, 대만은 제4위 정도였습니다.  2-3 창의와 연구 개발 대만 정부는 연구 개발 경비의 비중을 확대해, 산업의 인재육성의 범위를 확대해, 해외의 우수한 인재를 흡수해, 연구 개발과 설계 수준의 향상을 끊임없이 재촉하고 있습니다. 하이테크 인재의 풍부하게 있는 것으로 산업 클러스터에 있어서의 우위성은, 글로벌인 하이테크 기업이 대만에 연구 개발 설계 센터를 설치하는 동기가 되어 있습니다.  인텔 CEO 클레이그・바렛트：대만에 연구 개발 센터를 설치할 수 있어 기뻐하고 있습니다.  이것은 인텔의 아시아에 있어서의 가장 적극적인 연구 개발 센터에서, 매우 장래성이 있습니다. 대만에는 뛰어난 교육기관과 진취의 기풍이 풍부한 기업군이 있기 때문입니다.  2-4 국제적인 경쟁력 세계경제 포럼의 평가에 의하면, 대만의 전세계 에 있어서 경쟁력은 제13위, 아시아에서 제4위입니다..미국 비즈니스 환경 리스크 평가사에 의하면, 대만의 투자환경은 세계에서 제6위, 아시아에서 제3위입니다.  3：지식의 리드에서 세계를 향하고 있습니다. 3-1고부가 가치의 서비스 지식 경제의 발전의 추세를 받고, 대만 경제도 생산으로부터 이노베이션(innovation), 브랜드 지향으로 전환해, 동시에 고부가 가치 제품과 서비스의 공급 센터가 되었습니다.  3-2 대만 브랜드 대만 경제부는 「대만 브랜드」계획을 통해서, 벤처 캐피털・펀드의 설립 등의 시책을 실시했습니다. 이것에 의해 기업의 저가격으로의 판매 확대 전략이라고 말하는 지금까지의 모델을 타파해, 국제 브랜드의 확립을 재촉하는 것으로, 고부가 가치의 브란드 마케티그의 실현을 도모하고 있습니다.  3-3 글로벌인 포진 대만 경제부는, 세계의 지역 특성 마다, 산업 발전 전략을 책정해, 산업기술의 협력과 우호국과의 호혜주의, 대외관계의 개척 등을 통해서, 기업의 글로벌인 포진을 서포트해 갑니다.  3-4 미래를 전망 장래에 대해, 경제부는 「이노베이션(innovation)」를 주축으로 한 경제 무역정책을 추진해, 기업의 대만에의 투자를 재촉하는 것과 동시에,M-대만의 무선 브로드밴드를 이용해, 기업의 경쟁력 강화, 취업 기회를 만들어 내고 있습니다. 그리고 2015년 국민소득 3만달러의 목표를 실현시킬 수 있도록, 대만 경제의 한층 더 발전, 나아가서는 세계에의 새로운 공헌을 실현해 가는 중소기업 지원 정책을 전개하고 있습니다.  중소기업청 기업협력과 직원 여러분 한국신재생에너지동호회는 다년간의 신재생에너지 산업 전반적인 분야의 노하우로 전략적인 회원간에 파트너쉽으로 구축되었으며, 각 분야의 최고의 전문가들과 함께 대한민국 No.1 신재생에너지 컨설팅사업의 매니지먼트를 위해 탄생하였으며 많은 재생에너지 사업자(태양광, 풍력, 페기물에너지, 소수력발전 등)들의 비즈니스 모델을 육성뿐만 아니라 기존 재생에너지사업 및 건축구조물 신재생에너지 설비 프로덕션과의 연계고리를 통해 다양한 진로 및 상호간의 네트웍의 중심이 되고자 노력하고 있는 한국신재생에너지동호회 회원들은 크고 작은 중소기업자들의 모임입니다. 지금 4년째 이러한 일들은 자생적으로 해 나가고 있으며 회원사가 일천개 社가 초월하고 있습니다.  감사합니다.",,,,신재생에너지분야에 있어 지원필요,중소기업협동조합 설립인가 신청에 따른 제안 설명으로 조합설립하는데 적극 검토키로 함,,중소벤처기업부,2008-12-16
39,원전,내용,용역제도 개선에 대한 제안,2008-03-27,노동/환경,고용노동부,"안녕하세요, 새정부 들어 여러개선안을 마련하시느라 수고많으십니다. 좋은 개선안들이 많이 많들어저 추진되는 것을 보니 희망이 보입니다.  저는 한가지 용역근로자의 한사람으로써 용역근로계약자의 한을 말씀드리고 싶어 새벽같이 일어나 이글을 씁니다. 신분상 저의 신상을 공개하는 것이 매우 조심스럽습니다. 알려지면 어떤 불이익이 있을지 모릅니다.  간단히 저와 제가 일하는곳을 소개하겠습니다. 저는 한전 산하 한전원전연료(주)에 9년째 근무하고 있습니다. 벌써 10년에 가까이 됬습니다. 먼저 용역근로자의 처우(고용계약)이 얼마나 계약시작부터 불공정하고 불안정한가 알려드리고자 합니다. 몇년전까지만해도 용역계약이 1년단위 였습니다. 매년 용역업체가 바뀌어서 정말로 파리목숨으로 조마조마한 마음으로 회사를 다녔습니다. 과 4~5년 전입니다. 지금은 3년단위로 입찰과정을 거쳐 용역회사가 선정되고, 어떤회사가 오느냐에 따라서 직원들이 순식간에 바뀝니다. 한마디로 임금을 많이 받고, 나이가 많을 수록 아무런 하소연못하고, 나가라하면 나가야됩니다. 그리고 용역 계약단가가 올랐어도 임금이상이나 처우개선을 요구할 수 없습니다. 주로 정직원(원청직원)들이 하지 않는 3D의 일을 맡아서하며 일을 많이하고, 시키면 시키는 데로 해야합니다.  어디 하소연도 못하고 복지시설 이용에도 원청직원들과는 전혀 상관없이 눈치를 보며 체육시설등 을 이용해야합니다. 근태관리에 있어서도 용역직원들이 먼저 경고를 받아야하고, 위헙을 가합니다. 예를 들면 비표도 색깔을 달리하고, 부착할때도 코팅해서 부착하면 바로 압수하고 빼앗아버린다고 위협합니다. 원청 정직원들에게는 해당사항이 없습니다. 원청회사와의 근로계약도 보면 현대판 노예계약서와 같습니다. 갑(원청회사)을(용역회사)의 용역사방서를 보면 갑이 원하면 시킨데로 해야하고, 중간에 인원이 필요없으면 짤라도 아무말 못하게 되어있습니다. 아마도 용역회사와의 계약 내용을 보면 비단 우리회사뿐만아니라 대부분 불공정하게 되있을 것이라봅니다.  이러한 불공정 내용이 하루속히 개선되어야 된다고 봅니다. 아울러 깊이 있는 용역계약의 검토'시정이 있어야 된다고 봅니다. 그리고 용역계약을 수주한 회사에되 일방적인 인사권,임금착취등 이러한 불공정한 처우도 개선시켜야할 심각한 과재라 여겨집니다. 한가지 예를 들겠습니다. 만일 한 용역업체가 원청회사로부터 용역계약을 맺었다고 할때, 계약단가가 높아저 계약했다고 했을때, 분명히 이부분을 반영해서 용역회사의 직원들 급여나 처우개선을 위해 비용을 지출해야 마땅합니다. 그러나 이부분을 전혀고려하지 않습니다.  처음 계약맺은 금액 그대로 3년 쭉가고 또 다른 회사가 오면 처음 받은 급여수준으로 또 계속갑니다. 저는 현재 9년째 됬지만 급여인상 기대못해봤습니다. 불과 4년까지만해도 140만받았습니다. 고용안정과 정당한 급여인상분보장, 처우개선이 정말로 필요합니다.  정말 도와주세요, 저와같이 용역근로자들이 대한민국에는 한둘이 아닙니다. 대부분 용역근로자로 일하는 사람들은 힘없고, 배우지 못한 사람들입니다. 어찌보면 서민층에도 못미치는 사람들입니다. 불해아하게도 저의 어머니는 식당에서 용역근로자로 일하고 있습니다. 어머니도 보면 원청회사에서 많은 부분 급여에서 떼어가는 부분이 많다고 합니다.  참으로 얼마나 불공정하고 부당한 요소가 많습니까? 원청회사로부터의 차별,무시로부터해서 용역회사로부터 임금을 착취당하고, 승진이나 월급인상은 기대밖의 일이요, 언제짤릴지 모르는 고용불안, 정말로 이세상에서 용역이라는 형태의 근로계약은 없어져야 됩니다.  소수의 원청회사와 용역회사만을 배불르게 해주는 경우가 허다합니다.  KTX난 여러곳에서 계약근로자들의 애로사항을 피터지게 주장하지요, 심지어 고공시위도 하면서 그렇게합니다 하지만 용역근로자들은 이조차 못하는 배우지못한 약자들이 많습니다. 이배우지 못한 사람들중에는 우리 사랑하는 부모등 연로하신 분들이 많습니다. 정말 개선이 필요합니다. 도와주십시요.  한가지만 더 기가막힌 사실을 말씀드리고 마칩니다. 원청회사에도 때때로 정직원, 계약직 사원을 뽑습니다. 불행하게도 전공이 맞지 않아, 나이가 많아 지원못했습니다만 몇년전 계약직 근로자를 뽑았는데, 한 2년 되니 정직으로 전환되더러고요, 그런데 9년 10년 된 저희 용역직 근로자들은 이런한 기회도 없습니다. 왠지 아십니까? 용역이고, 회사가 다르다는 이유때문이죠, 연수가되도 봉금인상이나 승진은 고사하고, 오래되고 연봉조금더 받는다고 해서 해고되는 일순이가 되니 이러한 불합리,불공정, 억울한면이 어디있을까요?  최소한 한곳에서 올해 일했으면 그만큼 인정받은 것이고 최소한 계속 일을 할 수는 있게 해야하지 않나요? 용역으로 일하는 사람들은 가족이 없겠습니까? 그렇지 않잖아요, 참으로 안타갑습니다. 원청직원들을 정말 월급도 많이 받습니다. 설등 귀성비도 80이상, 우리는 많아야 20인데 올해는 그것도 5만원받았습니다. 너무나 차이가 납니다. 그렇다고 고용이 안정은 생각지도 못합니다.  너무 장황하게 여기까지 쓰게되었습니다. 정말 노동부등 관계당국자들께서 정말 용역근로자들의 처우 개선에 관심을 가져주시길 간곡히 당부드립니다. 이글을 쓰는 저뿐만아니라 수많은 부모형제들이 약자로 마치 현대판 노예제도와 같은 체제에 심음하고 있습니다. 개선을 위해서 제발 와주시길부탁드립니다.  감사합니다. 대전에서 한 용역근로자 올림.",,,,"1. 귀하께서 2008.3.27 참여마당신문고에 신청한(번호 : 1AB-0803-004606) 질의에 대하여 다음과 같이 회신합니다. 2. 귀하께서는 용역근로자의 경우 저임금에 고용불안을 겪고 있으며 원청업체 근로자가 기피하는 일을 하면서도 차별대우를 받는 등 불합리한 점을 지적하면서 용역근로자를 보호할 수 있는 대책이 필요함을 지적하신 것으로 보입니다. 3. 우리부는 '97년 외환위기 이후 지속적으로 증가하면서 사회문제로 대두되었던 비정규직 근로자에 대한 차별과 남용 문제를 해소하기 위해 비정규직법(「기간제 및 단시간근로자 보호 등에 관한 법률」, 「파견근로자보호 등에 관한 법률」, 「노동위원회법」)을 마련하여 2007.7.1부터 시행하고 있습니다. - 동 법의 시행으로 비정규직근로자의 고용안정 및 근로조건 개선 효과가 나타나고 있지만 사용기간 제한과 차별시정제도의 적용에 따른 부담으로 일부 기업에서는 외주용역으로 전환하는 경우가 발생하는 등, 고용불안 문제를 제기하며 법에 대한 보완이 필요하다고 지적하는 비정규직근로자들도 있습니다. 4. 이에 정부는 금년 7월부터 확대 적용되는 비정규직법이 사업장에 제대로 정착되도록 노력하면서, 사내하도급 대책 등 입법적 보완이 필요한 사항에 대해서는 노사정간 충분한 협의를 거쳐 합리적 대안을 마련해 나갈 예정임을 알려드립니다. 끝.",없음,,고용노동부,2008-04-02
