검색 키워드,검색 범위,글제목,등록일(제안),분야,처리기관(제안),현황및문제점(제안),개선방안(제안),기대효과(제안),첨부파일여부(제안),검토내용(결과),실시결과(결과),첨부파일여부(결과),처리기관(결과),등록일(결과)
원전,내용,통화연결음의 선한 영향력,2021-07-20,교육/문화/체육/관광,울산광역시교육청,"○ 코로나19로 인해 일선 학교, 교육청에 비대면 민원상담 전화 지속적 증가 ○ 민원 상대 교원, 직원들의 애환이 속출하며 이들에 대한 보호는 미비한 현황 ○ 민원상담 업무의 효율적 처리와 악성 민원전화(장난, 음해, 협박, 욕설 등)로 인한 언어폭력을 예방하기 위한 조치 필요",○ 상호 존중 음성 안내 컬러링 도입 - 민원 상대 직원 보호와 효과적인 상담 진행을 위해 행정 전화에 음성 안내 컬러링(통화연결음)을 도입 - 통화 전 사전 고지를 통해 상호 존중하는 상담문화에 대한 인식을 일깨울 수 있는 계기 마련 ○ 컬러링 안내 문구(예시) - 민원 청취 의지를 부드럽게 전달하며 직원 보호 조치를 강조하는 데 초점 - “여러분의 목소리를 정성껏 경청하겠습니다. 존중의 언어로 마음을 전달해주세요.” - 위와 같은 감성 멘트로 소통을 시작하여 민원인의 심리적 경계를 자극하는 울림 전달,○ 새로운 통화연결음 제작을 통해 서로를 배려하고 존중하는 문화 조성 ○ 민원응대 직원을 보호함과 동시에 업무 능률 향상을 기대 ○ 상호 존중으로 더욱 진정성 있는 민원서비스를 제공,,이 제안은 2021년 공무원 My Job Idea 제안 공모전에 접수된 제안으로 제안심사위원회에서 채택하여 각 학교에 제안의 아이디어 사례를 학교에 안내하고자 함.,"1. 관련: 정책관-7353(2021. 8. 23.) 「2021년 제안 아이디어 사례 안내」  2. 제안의 실시 범위, 수혜 대상 등을 고려하여 현장 사례 안내에 적합한 제안을 선정하여 부분 채택하였음  3. 교내 의견 수렴 및 다양한 수요를 반영하여 학교별 실정에 맞게 제안사항을 적용하고 제안의 점진적 확대 및 실시 유도",,울산광역시교육청,2021-07-20
원전,내용,용인시 홈페이지에서 부서 및 담당자 업무공개시 부서위치 추가 제안,2020-01-09,행정/자치/안전,경기도 용인시,1.현재는 용인시 홈페이지에서 담당자를 찾을때 무슨 과! 담당 누구! 연락처! 업무로만 되어 있습니다  2.원하는 부서를 찾아 가기 위해서는 해당 과에 전화를 해서 위치를 물어 보아야 하는 번거로움이 있습니다  3.용인시를 처음 방문하시거나 어쩌다 방문하시는 분들은 본인이 원하는 해당과 위치를 찾기가 어렵습니다  4.전체 사다리 조직도에서는 층수가 나와 있지만 민원인이 해당과를 검색하고 들어가면 해당과 위치를 알수 없습니다,"1.현재 홈페이지에 해당과, 담당자, 연락처로만 되어 있는 곳에 해당과에( 장소 ) 위치를 추가로 넣어 공지를 합니다 ** 예를 들어** **총무과 """"""(본청 2층)"""""" 위치추가함 이철주과장 560-4021 ○ 총무과 업무 총괄  첨부파일을 참고해 주세요",1.홈페이지 검색만으로 민원인이 원하는 해당과를 편리하게 찾을수 있습니다  2.민원인이 해당과 위치를 물어보는 민원전화를 줄일수 있습니다  3.적극적인 행정으로 민원인의 불편을 줄여줍니다  4.국민들 입장에선 매우 고맙고 친절한 변화가 될것입니다,"
위치안내.jpg
위치안내2.jpg","○ 용인시 홈페이지에 대한 관심과 의견에 감사드립니다. ○ 현재 용인시 홈페이지는 조직도에서 부서명옆에 부서위치를 확인할 수 있으나, 민원인의 편의성 증진을 위하여 귀하께서 제안 하신 각 부서별 직원안내 페이지내에 해당 부서 위치(예: 본청 6층) 표시를 2월내에 조치하도록 하겠습니다. ○ 귀하께서 요청하신 사항과 같이 항상 시민의 편의성을 위하여 더나은 서비스가 이루어 질 수 있도록 꾸준히 노력하겠습니다. ○ 더 궁금하신 사항은 용인시 정보통신과(☎ 031-324-2084)로 연락주시면 자세하게 안내하여 드리겠습니다. 감사합니다.",용인시 홈페이지에 대한 관심과 의견에 감사드립니다. 귀하께서 제안하신 조직도 부서위치 표시를 홈페이지내에 2020년 2월 말에 반영 완료 하였습니다.,,경기도 용인시,2020-01-28
원전,내용,각 기관별 홈페이지에서 부서 및 담당자 업무공개시 부서위치 추가 제안,2020-01-08,행정/자치/안전,소방청,1.현재는 각 기관별 홈페이지에서 담당자를 찾을때 무슨 과! 담당 누구! 연락처! 업무로만 되어 있습니다  2.원하는 부서를 찾아 가기 위해서는 해당 과에 전화를 해서 위치를 물어 보아야 하는 번거로움이 있습니다  3.각 기관을 처음 방문하시거나 어쩌다 방문하시는 분들은 본인이 원하는 해당과 위치를 찾기가 어렵습니다,"1.현재 홈페이지에 해당과, 담당자, 연락처로만 되어 있는 곳에 해당과에( 장소 ) 위치를 추가로 넣어 공지를 합니다 ** 예를 들어** **총무과 """"""(본관 2층)"""""" 위치추가함 이철주과장 560-4021 ○ 총무과 업무 총괄  첨부파일을 참고해 주세요",1.홈페이지 검색만으로 민원인이 원하는 해당과를 편리하게 찾을수 있습니다  2.민원인이 해당과 위치를 물어보는 민원전화를 줄일수 있습니다  3.적극적인 행정으로 민원인의 불편을 줄여줍니다  4.국민들 입장에선 매우 고맙고 친절한 변화가 될것입니다,"
위치안내.jpg
위치안내2.jpg","1. 국민신문고 제안신청(신청번호 1AB-2001-001401) 내역의 검토결과에 따라 아래와 같이 조치하고자 합니다.  2. 제안자 및 제안내용 가. 제안자 : 김인환(인천시 서구 완정로 65, 109-1501)  나. 제안내용 : 소방청 홈페이지의 기관 및 부서소개란에 각 부서의 청사내 위치를 안내하여 민원인의 불편을 해소하여 주시기 바람  3. 조치계획 : 소방청 홈페이지 기관소개 메뉴의 부서명란에 각 부서의 청사내 위치(예시 : 정부세종2청사 17동 3층)를 명시하여 안내. 끝.","1. 국민신문고 제안신청(신청번호 1AB-2001-001401) 사항을 아래와 같이 조치하였기에 실시결과를 통지드립니다.  2. 제안자 및 제안내용 가. 제안자 : 김인환(인천시 서구 완정로 65, 109-1501)  나. 제안내용 : 소방청 홈페이지의 기관 및 부서소개란에 각 부서의 청사내 위치를 안내하여 민원인의 불편을 해소하여 주시기 바람  3. 조치결과 : 소방청 홈페이지 기관소개 메뉴의 부서명란에 각 부서의 청사내 위치(예시 : 17-3동 3층)를 명시하여 안내. 끝.",,소방청,2020-01-09
원전,내용,각 기관별 홈페이지에서 부서 및 담당자 업무공개시 부서위치 추가 제안,2020-01-08,국토/교통/농림/해양,새만금개발청,1.현재는 각 기관별 홈페이지에서 담당자를 찾을때 무슨 과! 담당 누구! 연락처! 업무로만 되어 있습니다  2.원하는 부서를 찾아 가기 위해서는 해당 과에 전화를 해서 위치를 물어 보아야 하는 번거로움이 있습니다  3.각 기관을 처음 방문하시거나 어쩌다 방문하시는 분들은 본인이 원하는 해당과 위치를 찾기가 어렵습니다,"1.현재 홈페이지에 해당과, 담당자, 연락처로만 되어 있는 곳에 해당과에( 장소 ) 위치를 추가로 넣어 공지를 합니다 ** 예를 들어** **총무과 """"""(본관 2층)"""""" 위치추가함 이철주과장 560-4021 ○ 총무과 업무 총괄  첨부파일을 참고해 주세요",1.홈페이지 검색만으로 민원인이 원하는 해당과를 편리하게 찾을수 있습니다  2.민원인이 해당과 위치를 물어보는 민원전화를 줄일수 있습니다  3.적극적인 행정으로 민원인의 불편을 줄여줍니다  4.국민들 입장에선 매우 고맙고 친절한 변화가 될것입니다,"
위치안내.jpg
위치안내2.jpg","1. 국민제안규정 및 신청번호 (1AB-2001-001399 관련입니다. 2. 위와 관련으로 제안된 '각 기관별 홈페이지에서 부서 및 담당자 업무공개시 부서위치 추가 제안' 건에 대하여 아래와 같이 답변하고자 합니다.  가. 제안자 : 김인환(인천광역시 서구) 나. 제안일자 : 2020.1.8. 다. 제안요지 : 홈페이지 조직 및 업무안내 부분에 청사 위치 추가 라. 심사결과 : 채택(실시가능성, 효율성 및 효과성) 마. 답변내용 1) 안녕하십니까? 우리청 홈페이지 업무와 관련한 귀하의 제안 심사결과를 다음과 같이 알려드립니다. 2) 귀하께서 제안해주신 내용(담당자 업무안내 부분에 청사위치 추가)은 우리청 홈페이지 이용 편의를 높일 수 있는 의견으로 판단되어 금년도 홈페이지 개편시 반영(‘20.12월경)할 예정입니다. 3) 아울러 우리청 홈페이지 이용과 관련하여 추가 문의사항이 있으시면 정보민원담당관실 진기홍(063-733-1110, jins39@korea.kr)으로 연락주시면 성실하게 답변드리겠습니다. 감사합니다.  붙임 국민제안신청서 1부. 끝.",귀하께서 제한하신 내용이 실시되어 알려드립니다. 새만금개발청 홈페이지에 접속하시면 아래 경로를 통해 확인하실 수 있습니다. 감사합니다. - 새만금 및 기관소개>기관소개>조직 및 업무>사무실배치,,새만금개발청,2020-01-15
원전,내용,각 기관별 홈페이지에서 부서 및 담당자 업무공개시 부서위치 추가 제안,2020-01-08,국토/교통/농림/해양,산림청,1.현재는 각 기관별 홈페이지에서 담당자를 찾을때 무슨 과! 담당 누구! 연락처! 업무로만 되어 있습니다  2.원하는 부서를 찾아 가기 위해서는 해당 과에 전화를 해서 위치를 물어 보아야 하는 번거로움이 있습니다  3.각 기관을 처음 방문하시거나 어쩌다 방문하시는 분들은 본인이 원하는 해당과 위치를 찾기가 어렵습니다,"1.현재 홈페이지에 해당과, 담당자, 연락처로만 되어 있는 곳에 해당과에( 장소 ) 위치를 추가로 넣어 공지를 합니다 ** 예를 들어** **총무과 """"""(본관 2층)"""""" 위치추가함 이철주과장 560-4021 ○ 총무과 업무 총괄  첨부파일을 참고해 주세요",1.홈페이지 검색만으로 민원인이 원하는 해당과를 편리하게 찾을수 있습니다  2.민원인이 해당과 위치를 물어보는 민원전화를 줄일수 있습니다  3.적극적인 행정으로 민원인의 불편을 줄여줍니다  4.국민들 입장에선 매우 고맙고 친절한 변화가 될것입니다,"
위치안내.jpg
위치안내2.jpg","안녕하십니까? 산림의 가치를 극대화함으로써 사람과 숲이 상생하는 세계 인류 산림복지 국가를 만들어가는 산림청입니다.  1. 귀하께서 국민신문고에 제안하신 의견(접수번호 1AB-2001-001397)에 대하여 감사 드리며 다음과 같이 답변을 드립니다.  2. 귀하의 제안내용은 ""담당자 검색시 해당과 위치(00층)가 명시되는 기능"" 개선에 관한 것으로 이해됩니다.  3. 귀하의 제안사항에 대하여 검토한 의견은 다음과 같습니다. o 귀하께서 제안해주신 내용은 산림청 홈페이지 이용 편의를 높일 수 있는 기능으로써 ""수용"" 으로 채택함을 알려드립니다. o 제안하신 사항은 20년 산림청 홈페이지 개편 사업에 반영할 계획으로, 기능 개선 시간이 소요되는 점은 양지하여 주시기 바랍니다.  4. 위 사항과 관련하여 재심사가 필요한 경우 국민신문고 홈페이지(www.epeople.go.kr) 로그인 후 상단메뉴의 나의 이용내역 > 국민행복제안 > 해당제안 제목 클릭 후 하단 재심사 요청 탭에 재심사 요청 사유 작성 후 제출하시면 됩니다.  5. 본 제안과 관련한 문의사항은 산림청 정보통계담당관실(담당 전영진, 전화 042-481-1856, 팩스 042-471-1443, 이메일 zinggarotc@korea.kr)로 연락 주시기 바라며, 산림청 SNS를 통해 산림정책 및 관련 뉴스 등을 받아보실 수 있습니다. o (홈페이지) http://www.forest.go.kr, (트위터) http://twitter.com/forest_news o (페이스북) http://facebook.com/forestkorea, (블로그) http://blog.daum.net/kfs4079 o (유튜브) http://youtube.com/forestgokr '찾아가는 산림청', '도와주는 산림청', '정다운 산림청', '고마운 산림청'이 되도록 노력하겠습니다. 감사합니다.  붙임 국민제안신청서 1부. 끝.","안녕하십니가?  o 귀하께서 제안하신 내용은 아래와 같이 개선완료하였습니다. - ""직원찾기"" 메뉴에서 담당자 검색시 해당과 위치(00층)가 명시되어 검색이 가능하도록 개선  o 앞으로도 저희 산람청 대국민 포털 시스템에 대한 많은 관심 바랍니다. 감사합니다.",,산림청,2020-01-21
원전,내용,각 기관별 홈페이지에서 부서 및 담당자 업무공개시 부서위치 추가 제안,2020-01-08,식품/보건/복지/가족,보건복지부,1.현재는 각 기관별 홈페이지에서 담당자를 찾을때 무슨 과! 담당 누구! 연락처! 업무로만 되어 있습니다  2.원하는 부서를 찾아 가기 위해서는 해당 과에 전화를 해서 위치를 물어 보아야 하는 번거로움이 있습니다  3.각 기관을 처음 방문하시거나 어쩌다 방문하시는 분들은 본인이 원하는 해당과 위치를 찾기가 어렵습니다,"1.현재 홈페이지에 해당과, 담당자, 연락처로만 되어 있는 곳에 해당과에( 장소 ) 위치를 추가로 넣어 공지를 합니다 ** 예를 들어** **총무과 """"""(본관 2층)"""""" 위치추가함 이철주과장 560-4021 ○ 총무과 업무 총괄  첨부파일을 참고해 주세요",1.홈페이지 검색만으로 민원인이 원하는 해당과를 편리하게 찾을수 있습니다  2.민원인이 해당과 위치를 물어보는 민원전화를 줄일수 있습니다  3.적극적인 행정으로 민원인의 불편을 줄여줍니다  4.국민들 입장에선 매우 고맙고 친절한 변화가 될것입니다,"
위치안내.jpg
위치안내2.jpg","안녕하십니까? 귀하께서 국민신문고를 통해 제출해주신 제안(1AB-2001-001396)에 대해 안내드립니다. 귀하의 제안내용은 ""보건복지부 홈페이지 부서안내에 부서위치 추가""에 관한 것으로 이해되며 검토한 내용을 말씀드리겠습니다.  현재 우리 부 홈페이지 부서안내 메뉴에 직원정보로 이름, 부서, 전화번호, 직급, 담당업무를 공개하고 있습니다. 여기에 추가로 부서위치(층수) 정보를 넣는 제안에 대해 적극 반영하겠으며, 구체적인 방안에 대해서 검토하도록 하겠습니다.  귀하의 제안에 만족스러운 답변이 되었기를 바라며, 답변 내용에 대한 추가 설명이 필요한 경우 보건복지부 정보화담당관실 임동찬 주무관(☏044-202-2231, mruni@korea.kr)으로 연락주시면 친절히 안내해 드리도록 하겠습니다.  감사합니다.",보건복지부 홈페이지 소개>부서안내.직원찾기에 부서위치 정보 추가 완료,,보건복지부,2020-01-09
원전,내용,각 기관별 홈페이지에서 부서 및 담당자 업무공개시 부서위치 추가 제안,2020-01-08,재정/금융/소비자,관세청,1.현재는 각 기관별 홈페이지에서 담당자를 찾을때 무슨 과! 담당 누구! 연락처! 업무로만 되어 있습니다  2.원하는 부서를 찾아 가기 위해서는 해당 과에 전화를 해서 위치를 물어 보아야 하는 번거로움이 있습니다  3.각 기관을 처음 방문하시거나 어쩌다 방문하시는 분들은 본인이 원하는 해당과 위치를 찾기가 어렵습니다,"1.현재 홈페이지에 해당과, 담당자, 연락처로만 되어 있는 곳에 해당과에( 장소 ) 위치를 추가로 넣어 공지를 합니다 ** 예를 들어** **총무과 """"""(본관 2층)"""""" 위치추가함 이철주과장 560-4021 ○ 총무과 업무 총괄  첨부파일을 참고해 주세요",1.홈페이지 검색만으로 민원인이 원하는 해당과를 편리하게 찾을수 있습니다  2.민원인이 해당과 위치를 물어보는 민원전화를 줄일수 있습니다  3.적극적인 행정으로 민원인의 불편을 줄여줍니다  4.국민들 입장에선 매우 고맙고 친절한 변화가 될것입니다,"
위치안내.jpg
위치안내2.jpg","1. 안녕하십니까? 귀하께서 국민신문고를 통해 관세청 업무와 관련하여 질의하신 제안(1AB-2001-001376)에 대해 안내드립니다.  2. 귀하의 제안내용은 ‘관세청 홈페이지 개선 제안’으로 이해됩니다.  3. 귀하의 제안사항에 대해 검토의견은 다음과 같습니다. 가. 현재 관세청은 홈페이지 직원안내 메뉴 화면에서 소속기관, 부서, 직급, 성명, 주요업무, 전화번호 정보를 제공하고 있습니다. 또한, 대표 홈페이지와 일부 산하기관 홈페이지 기관소개 메뉴(찾아오시는 길)에서 부서위치(층별안내)를 제공하고 있으나, 다수의 산하기관 홈페이지는 부서위치를 제공하지 않고 있습니다.  나. 제안하신대로 부서위치 안내가 방문하는 민원인의 불편을 줄일 것으로 사료 됩니다. 산하기관과 협의를 통해 기관별 홈페이지에서 부서위치를 제공(층별 안내 별도화면)하도록 추진하겠습니다.  다. 귀하께서 제기하신 개선의견을 통해 부족한 점을 보완하고, 항상 민원인의 입장에서 생각하고 행동하는 관세청이 될 것을 약속드립니다.  4. 귀하의 질문에 만족스러운 답변이 되었기를 바라며, 답변 내용에 대한 추가 설명이 필요한 경우 관세청 정보관리과 이혜성(☏042-481-1195, leehs84@korea.kr)로 연락주시면 친절히 안내해 드리도록 하겠습니다. 감사합니다. 끝.",본청 및 본부세관 부서위치 및 층간 안내 표시를 완료하였습니다.,,관세청,2020-01-30
원전,내용,교육청 홈페이지에서 부서 및 담당자 업무공개시 부서위치 추가 제안,2020-01-07,교육/문화/체육/관광,충청북도교육청,1.현재는 교육청 홈페이지에서 담당자를 찾을때 무슨 과! 담당 누구! 연락처! 업무로만 되어 있습니다  2.원하는 부서를 찾아 가기 위해서는 해당 과에 전화를 해서 위치를 물어 보아야 하는 번거로움이 있습니다  3.교육청을 처음 방문하시거나 어쩌다 방문하시는 분들은 본인이 원하는 해당과 위치를 찾기가 어렵습니다,"1.현재 홈페이지에 해당과, 담당자, 연락처로만 되어 있는 곳에 해당과에( 장소 ) 위치를 추가로 넣어 공지를 합니다 ** 예를 들어** **총무과 """"""(본청 2층)"""""" 위치추가함 이철주과장 560-4021 ○ 총무과 업무 총괄  첨부파일을 참고해 주세요",1.홈페이지 검색만으로 민원인이 원하는 해당과를 편리하게 찾을수 있습니다  2.민원인이 해당과 위치를 물어보는 민원전화를 줄일수 있습니다  3.적극적인 행정으로 민원인의 불편을 줄여줍니다,"
위치안내1.jpg
위치안내2.jpg","1. 종합 검토의견  안녕하십니까? 제안 참여에 감사드리며 귀하께서 제기하신 제안에 대해 다음과 같이 회신하여 드립니다. 김인환님께서는 ‘교육청 홈페이지에서 부서 및 담당자 업무공개 시 부서위치를 추가’하는 것에 대하여 제안해주셨습니다.  귀하께서 제안하신 사항을 검토한 결과는 다음과 같습니다. 1. 제안해주신 내용과 같이 우리교육청 홈페이지 교육청소개〉기구표〉전화번호 안내〉 담당자와 연락처로 구성된 메뉴에 해당과에 대한 장소(위치)를 추가 안내하여 사용자의 편의성을 제공하도록 하겠습니다. 2. 다만, 홈페이지 수정을 위해서는 다소 시간이 필요할 것으로 예상되어 메뉴가 수정되기 전까지는 각 부서의 위치를 그림을 통해 안내하고 있는 도교육청 홈페이지 청사안내도 메뉴를 활용하시거나, 3. 홈페이지를 참고하지 못하고 직접 방문하시는 분들을 위하여 교육청 각 건물에 안내판과 청사배치도를, 본관 1층에는 안내데스크를 운영하고 있으니 참고하여 주시기 바랍니다.  귀하의 제안에 만족스러운 답변이 되었기를 바라며, 답변 내용에 대한 추가 설명이 필요한 경우 미래인재과 이혜영(043-290-2725)에게 연락주시면 성심성의껏 답변해 드리겠습니다. 앞으로도 충청북도교육청에 많은 관심을 갖고 소중한 의견을 주시기 바랍니다. 감사합니다.","안녕하십니까? 제안 참여에 감사드리며 귀하께서 제기하신 제안에 대해 다음과 같이 회신하여 드립니다. 귀하께서는 ‘교육청 홈페이지에서 부서 및 담당자 업무공개 시 부서 위치를 추가’하는 것에 대하여 제안해주셨습니다.  1. 제안해주신 내용과 같이 우리 교육청 홈페이지 교육청 소개 〉기구표 〉전화번호안내 메뉴에 담당자와 연락처로 구성된 해당 과에 대한 장소(위치)를 추가 안내하여 사용자의 편의성을 제공하도록 개선하였습니다. 2. 또한 도교육청 홈페이지 청사안내도 메뉴를 통해 그림으로도 볼 수 있으며, 3. 직접 방문하시는 분들을 위하여 교육청 각 건물에 안내판과 청사 배치도를, 본관 1층에는 안내데스크를 운영하고 있으니 참고하여 주시기 바랍니다.  귀하의 제안에 만족스러운 답변이 되었기를 바라며, 답변 내용에 대한 추가 설명이 필요한 경우 미래인재과 박준엽주무관(043-290-2877)에게 연락주시면 성심성의껏 답변해 드리겠습니다. 앞으로도 충청북도교육청에 많은 관심을 갖고 소중한 의견을 주시기 바랍니다. 감사합니다.",,충청북도교육청,2020-01-23
원전,내용,교육청 홈페이지에서 부서 및 담당자 업무공개시 부서위치 추가 제안,2020-01-07,교육/문화/체육/관광,부산광역시교육청,1.현재는 교육청 홈페이지에서 담당자를 찾을때 무슨 과! 담당 누구! 연락처! 업무로만 되어 있습니다  2.원하는 부서를 찾아 가기 위해서는 해당 과에 전화를 해서 위치를 물어 보아야 하는 번거로움이 있습니다  3.교육청을 처음 방문하시거나 어쩌다 방문하시는 분들은 본인이 원하는 해당과 위치를 찾기가 어렵습니다,"1.현재 홈페이지에 해당과, 담당자, 연락처로만 되어 있는 곳에 해당과에( 장소 ) 위치를 추가로 넣어 공지를 합니다 ** 예를 들어** **총무과 """"""(본청 2층)"""""" 위치추가함 이철주과장 560-4021 ○ 총무과 업무 총괄  첨부파일을 참고해 주세요",1.홈페이지 검색만으로 민원인이 원하는 해당과를 편리하게 찾을수 있습니다  2.민원인이 해당과 위치를 물어보는 민원전화를 줄일수 있습니다  3.적극적인 행정으로 민원인의 불편을 줄여줍니다,"
위치안내1.jpg
위치안내2.jpg","○ 안녕하십니까? 부산교육 발전에 대해 관심과 애정을 가져주신 제안인께 감사드리며, 제안하신 내용(홈페이지 상 위치추가)에 대하여 다음과 같이 답변 드립니다. ○ 민원인께서는 “교육청 홈페이지 상 업무담당자의 위치(사무실) 표시 추가”를 제안해주셨습니다. 검토 결과, 제안해 주신 내용은 교육청 홈페이지 이용자 편의 개선 및 행정 효율성 향상에 도움이 될 것으로 사료됩니다. ○ 이에 우리 교육청 홈페이지 교육청 안내> 조직도(부서안내)> (해당과) 업무분장표 상단, 부서 명칭과 함께 사무실 위치를 표시하여 이용 편의를 개선토록 조치하겠습니다. ○ 기타 문의사항은 안전기획과 조직혁신팀 주무관 김희영(051-860-0525, mashy22@naver.com)에게 연락주시면 친절히 안내해 드리도록 하겠습니다. 감사합니다.",귀하의 제안이 실시되었음을 알려드립니다.,,부산광역시교육청,2020-01-22
원전,내용,교육청 홈페이지에서 부서 및 담당자 업무공개시 부서위치 추가 제안,2020-01-07,교육/문화/체육/관광,세종특별자치시교육청,1.현재는 교육청 홈페이지에서 담당자를 찾을때 무슨 과! 담당 누구! 연락처! 업무로만 되어 있습니다  2.원하는 부서를 찾아 가기 위해서는 해당 과에 전화를 해서 위치를 물어 보아야 하는 번거로움이 있습니다  3.교육청을 처음 방문하시거나 어쩌다 방문하시는 분들은 본인이 원하는 해당과 위치를 찾기가 어렵습니다,"1.현재 홈페이지에 해당과, 담당자, 연락처로만 되어 있는 곳에 해당과에( 장소 ) 위치를 추가로 넣어 공지를 합니다 ** 예를 들어** **총무과 """"""(본청 2층)"""""" 위치추가함 이철주과장 560-4021 ○ 총무과 업무 총괄  첨부파일을 참고해 주세요",1.홈페이지 검색만으로 민원인이 원하는 해당과를 편리하게 찾을수 있습니다  2.민원인이 해당과 위치를 물어보는 민원전화를 줄일수 있습니다  3.적극적인 행정으로 민원인의 불편을 줄여줍니다,"
위치안내1.jpg
위치안내2.jpg","안녕하세요? 세종시교육청 교육협력과입니다. 세종교육발전을 위한 관심과 사랑에 감사드리며, 제안하신 “교육청 홈페이지에서 부서 및 부서 담당자 업무공개시 부서위치 추가 제안”에 대하여 답변 드리겠습니다. 귀하의 제안 요지는 우리교육청 홈페이지 업무담당자 안내 페이지에서 해당부서의 위치도 같이 안내 하는 것으로 이해됩니다. 귀하께서 제안하신“교육청 홈페이지에서 부서 및 부서 담당자 업무공개시 부서위치 추가 제안”에 대해 “실시예정”할 것을 알려드립니다. 우리교육청 홈페이지에 많은 관심을 가져주셔서 감사드리며, 귀하께서 제안해주신 내용과 취지를 충분히 공감하며, 귀하께서 제안하신 사항에 대해 소중한의견을 반영하여 올 상반기 중 우리교육청 홈페이지에 부서위치를 반영하도록 하겠습니다. 위의 내용과 관련하여 더 궁금하신 사항은 세종시교육청 교육협력과 김지영(☎044-320-1637, bluekjy@korea.kr)로 연락주시면 성실하게 답변 드리겠습니다. 다시 한 번 세종교육에 관심을 가져 주심에 감사드리며, 늘 건강과 행운이 함께 하시길 기원드립니다.",홈페이지 교육청소개- 부서별홈페이지 및 교육청안내 페이지에 부서별 층수 표시 완료하였습니다.,,세종특별자치시교육청,2020-01-10
원전,내용,교육청 홈페이지에서 부서 및 담당자 업무공개시 부서위치 추가 제안,2020-01-07,교육/문화/체육/관광,대전광역시교육청,1.현재는 교육청 홈페이지에서 담당자를 찾을때 무슨 과! 담당 누구! 연락처! 업무로만 되어 있습니다  2.원하는 부서를 찾아 가기 위해서는 해당 과에 전화를 해서 위치를 물어 보아야 하는 번거로움이 있습니다  3.교육청을 처음 방문하시거나 어쩌다 방문하시는 분들은 본인이 원하는 해당과 위치를 찾기가 어렵습니다,"1.현재 홈페이지에 해당과, 담당자, 연락처로만 되어 있는 곳에 해당과에( 장소 ) 위치를 추가로 넣어 공지를 합니다 ** 예를 들어** **총무과 """"""(본청 2층)"""""" 위치추가함 이철주과장 560-4021 ○ 총무과 업무 총괄  첨부파일을 참고해 주세요",1.홈페이지 검색만으로 민원인이 원하는 해당과를 편리하게 찾을수 있습니다  2.민원인이 해당과 위치를 물어보는 민원전화를 줄일수 있습니다  3.적극적인 행정으로 민원인의 불편을 줄여줍니다,"
위치안내1.jpg
위치안내2.jpg","김인환님 안녕하십니까! 대전교육발전을 위한 관심에 감사드립니다. 귀하가 제안하신 교육청 홈페이지에서 부서 및 담당자 업무공개 시 부서위치 추가와 관련하여 답변 드리겠습니다.  ◦ 귀하께서 제안해주신 내용은 우리교육청 홈페이지 이용 편의를 높일 수 있는 의견으로 판단되며 귀하의 의견을 적극 반영하도록 하겠습니다. ◦ 우리교육청 홈페이지의 각 부서별 사무분장 페이지 내에 제안해주신 내용과 같이 해당 부서의 위치(예: 본청 3층)를 추가하고, 청사안내 페이지를 추가로 링크시켜 홈페이지 사용자의 편의성을 높일 수 있도록 하겠습니다.  귀하의 제안과 관련하여 그 밖의 문의사항이 있으실 경우, 대전광역시교육청 혁신정책과 주무관 김영민(☎ 042-616-8636)에게 연락주시기 바랍니다. 감사합니다.","김인환님 안녕하십니까!  귀하가 제안하신 교육청 홈페이지에서 부서 및 담당자 업무공개 시 부서위치 추가가 완료되었음을 안내드립니다.  귀하의 제안과 관련하여 그 밖의 문의사항이 있으실 경우, 대전광역시교육청 혁신정책과 주무관 김영민(☎ 042-616-8636)에게 연락주시기 바랍니다.  감사합니다.",,대전광역시교육청,2020-01-09
원전,내용,교육청 홈페이지에서 부서 및 담당자 업무공개시 부서위치 추가 제안,2020-01-07,교육/문화/체육/관광,대구광역시교육청,1.현재는 교육청 홈페이지에서 담당자를 찾을때 무슨 과! 담당 누구! 연락처! 업무로만 되어 있습니다  2.원하는 부서를 찾아 가기 위해서는 해당 과에 전화를 해서 위치를 물어 보아야 하는 번거로움이 있습니다  3.교육청을 처음 방문하시거나 어쩌다 방문하시는 분들은 본인이 원하는 해당과 위치를 찾기가 어렵습니다,"1.현재 홈페이지에 해당과, 담당자, 연락처로만 되어 있는 곳에 해당과에( 장소 ) 위치를 추가로 넣어 공지를 합니다 ** 예를 들어** **총무과 """"""(본청 2층)"""""" 위치추가함 이철주과장 560-4021 ○ 총무과 업무 총괄  첨부파일을 참고해 주세요",1.홈페이지 검색만으로 민원인이 원하는 해당과를 편리하게 찾을수 있습니다  2.민원인이 해당과 위치를 물어보는 민원전화를 줄일수 있습니다  3.적극적인 행정으로 민원인의 불편을 줄여줍니다,"
위치안내1.jpg
위치안내2.jpg","안녕하십니까? 대구교육의 발전을 위해 귀하신 의견을 주심에 깊이 감사드리며, 귀하께서 제안하신 내용에 (1AB-2001-001198) 대해 다음과 같이 답변 드립니다.  우리 대구광역시교육청은 홈페이지 <교육청안내>-<조직도 및 전화번호>-<직원찾기> 메뉴에서 직원들의 직위, 성명, 담당업무를 공개하고 있습니다. 귀하의 제안은, 홈페이지에서 담당자 사무실 위치를 확인하는데 번거로움이 없도록 사무실 위치를 직원찾기 메뉴에 함께 표기하는 내용으로 이해됩니다.  귀하께서 제안하신 내용은 대구광역시교육청 홈페이지에 즉시 반영 하였으며, 더불어 대구광역시교육청 홈페이지 <교육청안내>-<오시는길>-<청사안내> 메뉴도 이용해주셔서 우리교육청을 찾아주시는데 도움이 되셨으면 합니다.  앞으로도 대구교육에 대한 관심과 성원을 부탁드리오며, 더 궁금하신 점이 있으시면 대외협력담당관 김한섭주무관(전화 053-231-0054 메일 xmanhero@korea.kr)에게 문의 주시면 성심으로 안내 드리겠습니다. 감사합니다.",귀하께서 제안하신 내용은 대구광역시교육청 홈페이지에 즉시 반영 하였습니다.,,대구광역시교육청,2020-01-14
원전,내용,교육청 홈페이지에서 부서 및 담당자 업무공개시 부서위치 추가 제안,2020-01-07,교육/문화/체육/관광,광주광역시교육청,1.현재는 교육청 홈페이지에서 담당자를 찾을때 무슨 과! 담당 누구! 연락처! 업무로만 되어 있습니다  2.원하는 부서를 찾아 가기 위해서는 해당 과에 전화를 해서 위치를 물어 보아야 하는 번거로움이 있습니다  3.교육청을 처음 방문하시거나 어쩌다 방문하시는 분들은 본인이 원하는 해당과 위치를 찾기가 어렵습니다,"1.현재 홈페이지에 해당과, 담당자, 연락처로만 되어 있는 곳에 해당과에( 장소 ) 위치를 추가로 넣어 공지를 합니다 ** 예를 들어** **총무과 """"""(본청 2층)"""""" 위치추가함 이철주과장 560-4021 ○ 총무과 업무 총괄  첨부파일을 참고해 주세요",1.홈페이지 검색만으로 민원인이 원하는 해당과를 편리하게 찾을수 있습니다  2.민원인이 해당과 위치를 물어보는 민원전화를 줄일수 있습니다  3.적극적인 행정으로 민원인의 불편을 줄여줍니다,"
위치안내1.jpg
위치안내2.jpg","제안자님, 안녕하십니까? 광주광역시교육청 교육자치과에서 홈페이지 업무를 담당하고 있는 정경화입니다. 광주교육발전을 위한 관심에 감사드리며, 귀하께서 제안하신 내용에 대하여 답변 드리겠습니다.  귀하의 제안 요지는 광주광역시교육청 홈페이지에 부서 및 담당자 업무 공개시 부서위치를 추가하여 사용자 편의성 향상에 노력해야 하는 것으로 이해됩니다.  우리시 교육청에서는 담당자 업무공개 페이지와 청사배치도 페이지를 운영하고 있으나 제안자님의 제안을 수용하여 담당자 검색시에도 동일 페이지 내에서 부서위치를 확인 할 수 있도록 부서명 옆에 부서위치를 표시하였습니다.  위 내용과 관련하여 더 궁금한 사항은 광주광역시교육청 교육자치과 정경화(☏062-380-4494, 메일(ckh7459@korea.kr)에게 연락주시면 성실하게 답변 드리겠습니다. 다시 한 번 우리 교육청에 관심을 가져 주심에 감사드리며, 늘 건강과 행복이 함께하시기를 기원합니다. 감사합니다.",광주광역시교육청에서는 담당자 업무공개 페이지와 청사배치도 페이지를 운영하고 있으나 제안자님의 제안을 수용하여 담당자 검색시에도 동일 페이지 내에서 부서위치를 확인 할 수 있도록 부서명 옆에 부서위치를 표시하였습니다.,,광주광역시교육청,2020-01-09
원전,내용,교육청 홈페이지에서 부서 및 담당자 업무공개시 부서위치 추가 제안,2020-01-07,교육/문화/체육/관광,경상북도교육청,1.현재는 교육청 홈페이지에서 담당자를 찾을때 무슨 과! 담당 누구! 연락처! 업무로만 되어 있습니다  2.원하는 부서를 찾아 가기 위해서는 해당 과에 전화를 해서 위치를 물어 보아야 하는 번거로움이 있습니다  3.교육청을 처음 방문하시거나 어쩌다 방문하시는 분들은 본인이 원하는 해당과 위치를 찾기가 어렵습니다,"1.현재 홈페이지에 해당과, 담당자, 연락처로만 되어 있는 곳에 해당과에( 장소 ) 위치를 추가로 넣어 공지를 합니다 ** 예를 들어** **총무과 """"""(본청 2층)"""""" 위치추가함 이철주과장 560-4021 ○ 총무과 업무 총괄  첨부파일을 참고해 주세요",1.홈페이지 검색만으로 민원인이 원하는 해당과를 편리하게 찾을수 있습니다  2.민원인이 해당과 위치를 물어보는 민원전화를 줄일수 있습니다  3.적극적인 행정으로 민원인의 불편을 줄여줍니다,"
위치안내1.jpg
위치안내2.jpg","안녕하십니까? 경상북도교육청 재무정보과 이성웅 주무관입니다.  먼저 우리교육청의 홈페이지에 대해 관심을 가져주시는 귀하께 진심으로 감사드리며, 귀하께서 제안해주신 「교육청 홈페이지에서 부서 및 담당자 업무공개시 부서위치 추가 제안」에 대해 다음과 같이 답변을 드립니다.  1. 제안하신 내용은 홈페이지에서 직원 검색 결과에 근무 위치가 표시되지 않아 확인을 해야 하는 번거로움이 있으니, 홈페이지에 직원의 근무 위치를 추가하여 안내해 민원인의 불편함을 해소하고자 하는 의견이라 생각됩니다.  2. 따라서, 제안인의 의견을 수용해 홈페이지 업무분장에 직원들의 근무 위치를 추가하여 안내할 수 있도록 개선하였습니다.  3. 경상북도교육청 홈페이지에 관심을 가지고 제안해주신 점에 대하여 다시 한 번 깊은 감사드리며, 추가 문의 사항이 있으신 경우 경상북도교육청 재무정보과 이성웅 주무관 (☏054-805-3857, leesu1006@gyo6.net)에게 연락주시면 친절히 답변 드리도록 하겠습니다. 감사합니다.",귀하께서 제안해주신 「교육청 홈페이지에서 부서 및 담당자 업무공개시 부서위치 추가 제안」(1AB-2001-001196)에 대해 의견을 수용해 홈페이지 업무분장에 직원들의 근무 위치를 추가하여 안내할 수 있도록 개선하였음을 알려드립니다.,"
개선화면.png",경상북도교육청,2020-01-08
원전,내용,교육청 홈페이지에서 부서 및 담당자 업무공개시 부서위치 추가 제안,2020-01-07,교육/문화/체육/관광,강원도교육청,1.현재는 교육청 홈페이지에서 담당자를 찾을때 무슨 과! 담당 누구! 연락처! 업무로만 되어 있습니다  2.원하는 부서를 찾아 가기 위해서는 해당 과에 전화를 해서 위치를 물어 보아야 하는 번거로움이 있습니다  3.교육청을 처음 방문하시거나 어쩌다 방문하시는 분들은 본인이 원하는 해당과 위치를 찾기가 어렵습니다,"1.현재 홈페이지에 해당과, 담당자, 연락처로만 되어 있는 곳에 해당과에( 장소 ) 위치를 추가로 넣어 공지를 합니다 ** 예를 들어** **총무과 """"""(본청 2층)"""""" 위치추가함 이철주과장 560-4021 ○ 총무과 업무 총괄  첨부파일을 참고해 주세요",1.홈페이지 검색만으로 민원인이 원하는 해당과를 편리하게 찾을수 있습니다  2.민원인이 해당과 위치를 물어보는 민원전화를 줄일수 있습니다  3.적극적인 행정으로 민원인의 불편을 줄여줍니다,"
위치안내1.jpg
위치안내2.jpg","1. 안녕하십니까? 강원도교육청 총무과 윤선수입니다. 먼저 강원교육발전을 위한 소중한 제안에 감사드리며, 귀하께서 신청하신 제안(1AB-2001-001190)에 대해 다음과 같이 답변 드립니다. 2. 귀하의 민원내용은 ‘강원도교육청 홈페이지 조직도 메뉴에서 부서 및 담당자 검색 시, 해당 담당자의 부서 위치를 알 수 있도록 정보를 추가 제공’하는 것으로 이해됩니다. 3. 귀하의 질의사항에 대하여 검토한 의견은 다음과 같습니다. 현재, 강원도교육청 홈페이지 교육청소개 > 찾아오시는길 > 층별안내에서 각 부서의 위치 정보를 제공하고 있지만, 조직도 메뉴에서는 제공하고 있지 않습니다. 민원인이 좀 더 쉽게 부서 위치를 찾을 수 있도록 정보를 추가 제공하는 방향으로 검토하겠습니다. 4. 귀하의 질문에 만족스러운 답변이 되었기를 바라며, 답변내용에 대한 추가 설명이 필요한 경우, 강원도교육청 총무과 윤선수 (☎033-258-5395, yoonsunsu@korea.kr)에게 연락주시면 친절히 안내해 드리도록 하겠습니다. 감사합니다. 끝.","안녕하십니까? 강원도교육청 총무과 오동건입니다. 강원교육발전 및 누리집(홈페이지)시스템의 활용 방안을 위한 소중한 제안에 감사드리며, 제안 실시가 지연되었던 점에 대하여 사과드립니다. 귀하께서 신청하신 제안 사항에 대한 실시결과를 안내드립니다. 강원도교육청 누리집(홈페이지)의 조직도 메뉴에 도교육청 직원의 부서 위치를 확인할 수 있도록 개선이 되었습니다. 아래 연결주소에서 바로 확인이 가능합니다. https://www.gwe.go.kr/module/jojik/jojikUserList.do?siteId=kr&id=kr_070500000000  추가 설명이 필요한 경우, 강원도교육청 총무과 오동건 (☎033-258-5395, odg0905@korea.kr)에게 연락주시면 친절히 안내해 드리도록 하겠습니다. 감사합니다.",,강원도교육청,2020-01-23
원전,내용,교육청 홈페이지에서 부서 및 담당자 업무공개시 부서위치 추가 제안,2020-01-07,교육/문화/체육/관광,인천광역시교육청,1.현재는 교육청 홈페이지에서 담당자를 찾을때 무슨 과! 담당 누구! 연락처! 업무로만 되어 있습니다  2.원하는 부서를 찾아 가기 위해서는 해당 과에 전화를 해서 위치를 물어 보아야 하는 번거로움이 있습니다  3.교육청을 처음 방문하시거나 어쩌다 방문하시는 분들은 본인이 원하는 해당과 위치를 찾기가 어렵습니다,"1.현재 홈페이지에 해당과, 담당자, 연락처로만 되어 있는 곳에 해당과에( 장소 ) 위치를 추가로 넣어 공지를 합니다 ** 예를 들어** **총무과 """"""(본청 2층)"""""" 위치추가함 이철주과장 560-4021 ○ 총무과 업무 총괄  첨부파일을 참고해 주세요",1.홈페이지 검색만으로 민원인이 원하는 해당과를 편리하게 찾을수 있습니다  2.민원인이 해당과 위치를 물어보는 민원전화를 줄일수 있습니다  3.적극적인 행정으로 민원인의 불편을 줄여줍니다,"
위치안내1.jpg
위치안내2.jpg","안녕하십니까? 인천광역시교육청 홈페이지 담당자 이현수입니다. 귀하의 공모 제안에 대해 다음과 같이 회신하여 드립니다.  귀하의 제안 요지는 ‘부서 홈페이지 업무분장에 부서 위치 추가’로 이해됩니다.  제안해 주신 의견에 대한 검토 결과 적절한 의견으로 판단되어 각 부서별 홈페이지에 부서 위치 탭을 추가하여 해당 부서의 위치를 정확히 파악할 수 있도록 부서 위치를 표시한 이미지를 탑재하도록 하겠습니다.  인천광역시교육청 홈페이지와 관련하여 추가적으로 문의 사항이 있으시면 인천광역시교육청 정보지원과 이현수 주무관(032-420-7623)에게 전화 주시면 성실하게 답변 드리겠습니다.  인천광역시교육청 업무에 관심을 가져주신 데 대해 다시 한번 감사드리며, 앞으로도 적극적인 제안 참여를 부탁드립니다.",각 부서홈페이지 업무분장 옆 부서위치 추가 완료(2020. 1. 9.),,인천광역시교육청,2020-01-16
원전,내용,각 시.구청 홈페이지에서 부서 및 담당자 업무공개시 부서위치 추가 제안,2020-01-07,행정/자치/안전,인천광역시,1.현재는 각 시.구청 홈페이지에서 담당자를 찾을때 무슨 과! 담당 누구! 연락처! 업무로만 되어 있습니다  2.원하는 부서를 찾아 가기 위해서는 해당 과에 전화를 해서 위치를 물어 보아야 하는 번거로움이 있습니다  3.각 시.구청을 처음 방문하시거나 어쩌다 방문하시는 분들은 본인이 원하는 해당과 위치를 찾기가 어렵습니다,"1.현재 홈페이지에 해당과, 담당자, 연락처로만 되어 있는 곳에 해당과에( 장소 ) 위치를 추가로 넣어 공지를 합니다 ** 예를 들어** **총무과 """"""(본청 2층)"""""" 위치추가함 이철주과장 560-4021 ○ 총무과 업무 총괄  첨부파일을 참고해 주세요",1.홈페이지 검색만으로 민원인이 원하는 해당과를 편리하게 찾을수 있습니다  2.민원인이 해당과 위치를 물어보는 민원전화를 줄일수 있습니다  3.적극적인 행정으로 민원인의 불편을 줄여줍니다,"
위치안내1.jpg
위치안내2.jpg","1. 안녕하십니까? 먼저 시정에 관심을 가져주시고 좋은 제안을 해주신 귀하께 감사드립니다. 2. 귀하께서 제안해주신 내용은 “인천시청 홈페이지 내 부서정보에 위치정보 추가”로 이해됩니다. 3. 현재 우리시 웹사이트는 “부서정보(부서명, FAX번호), 직원정보(직위, 담당자, 전화번호, 담당업무)”를 서비스하고 있습니다. 4. 인천광역시 웹사이트를 이용하는 시민의 편의성 증진을 위해 귀하께서 제시해주신 제안을 적극 검토하여 부서정보에 “위치정보”를 추가하여 반영하도록 하겠습니다. 5. 다만, 현재 서비스 중인 부서 정보는 내부행정시스템과 연계되는 자료로써 프로그램 개발을 하여 서비스하기까지 다소 시일이 걸릴 수 있음을 양해 부탁드립니다. 6. 다시 한번 귀하의 고견에 감사드리며, 답변 내용에 대한 추가 설명이 필요한 경우 정보화담당관실 양승민 주무관 (☏032-440-2323) 에게 연락주시면 친절히 안내해 드리도록 하겠습니다. 감사합니다. 끝.","1. 안녕하십니까? 먼저 시정에 관심을 가져주시고 좋은 제안을 해주신 귀하께 감사드립니다. 2. 귀하께서 제안해주신 내용인 “인천시청 홈페이지 내 부서정보에 위치정보 추가” 사안이 2020. 2. 14일자로 홈페이지>조직도에 반영되었습니다. 3. 이해를 돕기 위해 조직도 캡쳐화면을 첨부하오니 참고하여 주시기 바랍니다. 4. 다시 한번 귀하의 고견에 감사드리며, 답변 내용에 대한 추가 설명이 필요한 경우 정보화담당관실 양승민 주무관 (☏032-440-2323)에게 연락주시면 친절히 안내해 드리도록 하겠습니다. 감사합니다. 끝.",,인천광역시,2020-01-08
원전,내용,엘이디 조명에 관한 건,2017-06-21,산업/방송/통신/과학,산업통상자원부,"국가적으로 엘이디 조명 교체사업이 진행되고 있고 더불어 적극적인 홍보활동에 따라 일반 국민들도 엘이디조명에 관심을 갖게되어 자비로 각 가정에 엘이디 조명 교체를 하고 있습니다. 기존 조명에 비해 가격은 비싸지만 교체를 하는 이유로는 장수명과 에너지 절약으로 인한 각 가정의 전기료의 부담을 조금이라도 낮추려는 생각에서 사비를 부담하면서 교체하는데 교체후의 만족도는 형편이 없습니다. 만족도가 떨어지는 이유로는 첫째, 수명입니다. 그러나 시장구매한 제품들이 대다수 1년도 못가서 점등불량이 발생하고 있습니다. 현실이 이러다보니 심지어 종래조명으로 돌아가는 경우까지 발생하고 있는 현실입니다. 더욱이 얼마전 엘이디 조명의 보증수명을 6개월로 한다는 기사도 보았습니다. 엘이디산업에 40년을 종사한 본인으로서는 도저히 이해 불가한 내용을 접해서 벼르고 별러서 제안을 하게되었습니다.",엘이디조명은 아주 작은 발광다이오드의 전자적효과에 의해 발광하는 것입니다. 즉 엘이디조명은 엘이디소자들의 집합체입니다. 다만 엘이디는 직류전원(DC)에 의해 구동되므로 AC 220V를 받아 엘이디를 구동할수 있는 DC로 전환하는 장치인 컨버터 혹은 파워써프라이라는 부속장치를 통과하여 점등하게 됩니다. 그런데 시장에서 판매되는 제품의 대부분이 중국제이고 한국제인 경우도 중국제와의 가격경쟁 때문에 부실한 조명을 만들어 경쟁을 하다보니 피해자는 소비자들 뿐입니다. 국내에는 많은 인증기관이 있고 기관에 종사하는 유능한 석학들도 많은데 그런 불량제품을 인증을 내주는 것을 보면 모르는거지? 모른척 하는건지? 수입업자들과 유착관게에 있는건 아닌지? 의구심이 들때가 많습니다. 나 나름대로 한국엘이디산업의 선구자라 자처했는데 이런 상황에 도저히 못견디고 나이 70에 전업을 하였습니다. 결론적으로 엘이디는 수명이 없습니다. 즉 제대로 만들면 태어날때 본 조명이 죽을때까지 켜있어야 합니다. 엘이디소자의 제대로된 사용과 제대로 만든 파워써프라이를 사용한다면 수명은 잊어버려도 됩니다. 내가 사는 집이나 사무실 모두 설치한지 10년이 넘었어도 전혀 불량이 없습니다. 부디 엘이디를 알고 정책을 입안하셔서 제대로된 제품이 소비자들에게 보급되기를 간절히 바랍니다.,조사해 보면 알겠지만 제대로 조명을 만들던 한국의 엘이디조명회사는 대부분 망했습니다. 그나마 규모가 있는 모기업을 백그라운드로 설립한 몇 회사들만 살아남아 명맥을 유지하고 있고 중국에서 대량으로 수입하는 유통업자들만 흥청거리는 실정입니다. 사드로 인해 중국에 그렇게 보복을 당하면서도 엘이디조명이라도 제대로된 인증과 검사를 못하는지? 안하는지? 이렇게 시장을 엉뚱한 길로 가는것을 보고 있습니까? 관계부서분들 한국인 맞습니까? 부디 엄격한 인증을 통해서 중소기업도 살리고 일반 가정에 보급되는 제품도 역시 엘이디가 좋네 하는 소리가 나오기를 바랍니다. 더욱이 원전불가론까지 대두되는 마당에 보급율을 올려서 발전소 한곳이라도 절약하는 그 날이 오기를 기대합니다.,,"귀하의 제안이 채택된 후 재심사 요청되는 등 국민신문고 시스템 오류로 인하여, 아래와 같이 기존 답변으로 재심사 결과를 등록해드리니 참고하시기 바랍니다.   -----------------------------------------------아 래----------------------------------------------------------------  1. 안녕하십니까? 국민과함께하는 산업통상자원부입니다. 2. 귀하께서 국민신문고에 신청하신 제안(1AB-1706-004443, 1AB-1706- 006399)에 대하여 아래와 같이 답변합니다.  [제안] ㅇ 불량 LED조명의 유통으로 인한 소비자 피해를 예방하고 나아가 국내 LED생산기업의 경쟁력 강화를 위해 - LED광원을 구동하는 컨버터 등 조명기기 부품류의 시험인증항목에 수명과 관련된 사항을 추가하여 엄격한 인증심사를 통해 양질의 LED조명을 보급할 수 있도록 개선 - 인증받은 제품과 유통제품이 차이가 있는 경우 즉시 인증취소 등 엄격한 사후관리  [답변](부분채택) ㅇ LED조명기기와 관련하여 KS C 7653(매입형 및 고정형 LED등기구) 등 11종의 전문 표준이 제정되어 있으며, 조명기기 안전관련 KS C IEC 60598-1(등기구 - 일반) 등 20여종의 표준이 제정되어 있습니다. - 또한, KS C IEC62031(LED모듈), KS C 7655(LED모듈전원공급용 컨버터)등 LED광원과 관련 부속품류의 표준도 제정되어 있습니다. ㅇ 귀 제안과 같이 수명과 관련하여 정격수명을 보증하기 위한 KS C 7653에서는 내구성시험 항목을 규정하고 있으며, LED구동용 컨버터에 대해서는 KS C 7655에서 열충격 시험 및 개폐시험(1000회 이상)을 실시하여 수명보증을 대신하고 있습니다. - 따라서 LED광원을 사용하는 조명기기류의 표준화는 이미 KS표준으로 정립되어 있고, 수명에 대한 사항도 KS표준의 시험항목으로 규정되어 있음을 알려드립니다.  ㅇ 다만, 사후관리강화와 관련한 귀하의 제안을 채택하여 LED조명에 대해서도 2017년 시판품조사 대상에 포함하고, - 인증제품과 다른 불량 KS제품의 유통을 차단하기 위해 연중 상시적으로 시판품 조사를 실시하여 KS기준에 미달하는 제품에 대해서는 행정처분하는 등 엄격한 사후관리가 될 수 있도록 조치해 나갈 예정입니다.   3. 귀하의 제안에 만족스러운 답변이 되었기를 바라며, 답변 내용에 대한 추가 설명이 필요한 경우 산업통상자원부 전기전자표준과 김종오연구관(☏043-870-5366, kimjoh@ korea.kr), 표준조정과 최은진연구사(☏043-870-5389, eunjinchoi@korea. kr)에게 연락주시면 친절히 안내해 드리도록 하겠습니다. 감사합니다. 끝.",2017년 시판품조사대상에 포함하여 실시완료,,산업통상자원부,2017-08-30
원전,내용,단체인원 조정,2013-07-10,산업/방송/통신/과학,과학기술정보통신부,"안녕하십니까? 저는 경기도 화성시 소재 홍익디자인고등학교 2학년 2반 담임 이강원입니다. 7월 16일 전일제 창의적체험학습활동을 앞두고 체험학습장소를 찾던 중 국립과천과학관을 방문학습 하기로 하고 홈페이지에 들어와 정보를 수집하던 중, 단체할인 입장료의 적용 인원이 20명인 것을 알았습니다. 우리 반은 전체 인원이 19명이고, 그 중 운동부 학생은 체험학습 행사에는 참가하지 않으므로 단체할인 적용인원에는 미치지 못합니다. 우리 학교의 다른 반도 정원이 17명인 학급이 두 반이나 더 있고, 운동부를 제외하면 더 많이 나올 것으로 생각됩니다. 자라나는 청소년들에게는 호기심과 상상력을 자극하여 창의력을 키워주고, 어른들에게는 과학기술의 중요성을 인식하고 확산시키는 ‘과학기 술 대중화’의 중심기관이 되고자 국가에서 설립하여 운영하는 귀 귀관의 목표로 볼 때, 우리 학급과 같은 상황의 학급이 전국적으로는 많을 것으로 생각되므로 단체할인 적용인원의 하향 또는 탄력적 운영이 필요하다고 생각합니다. 이러한 문제로 귀 기관에 민원전화를 넣으니(7월3일 09시02분, 02-3677-1500) 안내원의 말씀이 이런 경우 그냥 20명으로 단체할인적용가로 입장권을 구입하라고 합니다. 그러면 학생들은 1500원으로 입장하니 전체적으로 이득이지 않느냐고 말씀하셨습니다. 존재하지도, 입장하지도 않는 인원의 입장료를 내고, 전체적으로는 이득이니 그냥 그리하라는 말씀은 이해가 가지 않았습니다. 이렇게 하는게 국가에서 설립한 기관이 할 일인가? 하는 섭섭함이 밀려 왔습니다.  저의 의견은 1. 단체할인 적용 인원의 하향(10명) 또는 폐지. 2. 이것이 무리일 경우 탄력적 운용 : 학급단위 또는 동아리단위일 경우는 인원수 제한 않음.  국가기관이 우리와 같은 작은 학급을 차별한다는 것은 있을 수 없는 행동이라고 생각합니다.",,,,"안녕하세요.. 선생님.  국립과천과학관입니다. 지난 번에 민원 제기해 주신 학급단위 소규모 단체에의 단체요금 할인 적용에 대해서는 관련 규정 개정을 추진하고 있습니다. 다만, 지난번에 접수해 주신 국민신문고 민원 내역에 대해서 제가 시스템에 관한 이해 부족으로 잘못 체크함에 따른 후속조치로 부득이 본 메시지가 발송됨을 양해하여 주시기 바랍니다. 10월 이후에 관련 처리 여부를 별도로 통보 드리겠습니다. 항상 건승하시기를 기원합니다.",학급단위 소규모 단체에의 단체요금 할인 적용에 대한 규정 개정 추진 중,,과학기술정보통신부,2013-10-01
원전,내용,국민주택기금 주택구입자금과 전세자금대출시 신혼부부인 경우 자격 요건 완화해 주세요,2010-11-25,국토/교통/농림/해양,국토교통부,"국민주택기금 주택 구입자금대출은 부부합산 연소득 2천만원이하인 자를 대상으로 하고 전세자금대출의 경우에는 본인 소득을 기준으로 연소득3천만원이하인 경우 신청이 가능하며, 세대원전원의 무주택 기간이 6개월이상 되어야 하는 것으로 알고 있습니다.  신혼부부인 경우 주거안정등을 우선으로 고심하므로 자녀출산을 뒤로 미룰수 밖에 없고 이것이 저출산으로 이어지는 현상이 발생되므로 국가적으로도 손해라 생각됩니다.  신혼부부는 주거안정을 위해 맞벌이를 하는 경우가 대부분입니다. 이에 구입자금대출의 대상조건인 부부합산 연소득2천만원을 초과하는 경우가 대부분이라 볼수 있으며, 전세자금대출의 대상기준인 본인소득이 3천만원이하 또한 해당되지 않는 경우가 실질적으로 많으리라 봅니다.  무주택 기간 또한 별도의 기간을 두지 않고 대출신청 시점을 기준으로 하여 정하여 준다면 신혼부부의 주거안정에 대단히 도움이 되리라 사료됩니다.  국가적으로도 저출산에 대한 우려가 많은 것이 사실이므로 자녀출산을 장려한다면 현행의 기금대상 기준이되는 연소득 부분과 무주택기간 6개월이상 규정을 완화하여 미래를 책임질수 있는 신혼부부들에게 내집마련등 주거안정을 이룰수 있도록 제도를 보완해 주실것을 부탁드립니다.감사합니다.",,,,"국토해양행정에 관심과 애정을 가지고 의견을 보내주신 원성원님께 감사의 말씀을 드리며 보내주신 의견에 대하여 아래와 같이 답변드립니다.  < 제안요지 > - 저출산 장려를 위해 신혼부부가 주택구입자금과 전세자금대출을 신청할 때 연소득기준과 무주택기간 완화 요청  < 제안에 대한 답변 > 1) 귀하께서 제안하신 저출산 장려를 위한 신혼부부에 대한 연소득기준과 무주택기간 완화 요청에 대해서는 국가 차원에서도 여러 가지 방면으로 검토중에 있음을 알려드리며, 우리부에서도 현재 다방면으로 고심중에 있는 사항을 지적해 주셔서 감사의 말씀을 드립니다.  2) 국민주택기금대출 지원요건은 기금운영여건 및 타이용자와의 형평성, 기타 제반요소등을 종합적으로 고려하여 충분히 검토하여 개선해 나갈것을 약속드리오니 참조하시기 바랍니다. 감사합니다.끝.",-,,국토교통부,2010-11-26
원전,내용,G-20 정상회의 홍보 방안 응모,2010-03-21,행정/자치/안전,행정안전부,"【개요】세계에서 오직 우리의 것 하나 밖에 없는 고유 전통문양이나 무궁화 꽃 장식 보도블록 설치   ■현황 및 문제점 보도블록에 새카맣게 달라붙은 수많은 껌을 제거하는 장면과 함부로 껌 뱉다 적발되면 벌금형이라는 3월 19일자 방송 뉴스를 접할 만큼 기초질서가 취약한 부끄러움이다.  더군다나 도심 속에 살다보면 매일 보이는 식상한 것들에 치여 산다. 회색빛 건물, 자동차, 거무티티한 도로에 무표정한 보도블록.   ■개선내용  서울, 부산, 인천, 경주, 광주 등 행사장 주 동선인 주변도로 보도블록을 세계 어느 나라에서도 볼 수 없는 오직 우리나라 고유문화가 살아 숨쉬는 태극무늬, 무궁화 꽃, 또는 단청에서 힌트를 얻은 다양한 장식이나 한지공예의 귀여운 어린이 전래놀이 표정 ""G-20 로고‘, 2002 월드컵 응원전 때 응용됐던 태극기 패션 등이 어우러진 독특한 문양의 보도블록을 깔아보자 단 태극기와 무궁화 꽃 도형을 밟고 다닐 수는 없으니 측면 배치 또는 형상화한 발상을 고려하면 좋겠다.   ■기대효과  0 이야기가 있는 거리로 인한 우리문화 홍보효과 0 친환경적인 수려하고 아름다운 도시 미관확보 0 행사 후에도 도시인들의 정서적 시너지 효과 0 어린이들에게는 교육적 상승효과",,,,"G20 아이디어 공모에 참여해 주신데 대해 진심으로 감사 드립니다. 귀하께서 제안하신 태극기, 무궁화, 단청 등 한국적 문양의 보도블럭 조성은 한국의 전통문화를 홍보할 수 있다고 생각합니다. 동 제안은 관계기관 등에서 시행될 수 있도록 우리부에서 최선을 다하도록 노력하겠습니다. 앞으로도 많은 관심을 부탁드립니다. 감사합니다. 안녕히 계십시요","G20정상회의를 계기로 우리나라의 국격 제고를 위하여 기초질서, 교통질서 등 생활질서 선진화를 위하여 총리실 주관으로 주요과제를 선정하여 추진하고 있음",,행정안전부,2010-04-20
원전,내용,외자항목 국산화를 위한 정부지원 방안(행안부-매경) 지식경제부,2009-03-26,산업/방송/통신/과학,산업통상자원부,"이 제안은 행정안전부와 매일경제가 공동으로 추진하고 있는「경제활력 찾기 국민제안 운동」(www.reco.or.kr)을 통하여 네티즌의 활발한 토론과 평가과정을 거쳐 제안으로 발굴된 것입니다. 특히, 경제살리기 위해 내수활성화 아이디어를 집중 발굴하여 도입이 가능하다고 판단되는 우수한 아이디어를 보내오니 적극적으로 검토하여 주시기 바랍니다. 일부실시, 부분실시, 수정실시도 가능하오니 적극적인 검토 당부드립니다. 참고로, 각급 행정기관에서는 제안자뿐만 아니라 채택 실시 공무원에 대해서도 공동포상을 실시하고 있음을 알려드립니다.  1. 현황 및 문제점 - 기업체(공공기관 포함)가 구매(사용) 하는 각종 자재가 통상 외국 자재인 경우가 많음 - 이는 무역수지 적자 증가 및 외환보유고 감소에 일조  2. 개선방안 - 자재에 대한 국산화 유도와 국산화 기업에 대한 각종 세수지원방안 마련 - 국산화시 투입되는 초기투자비를 정부에서 적극 지원하여 기업 참여 유도 - 공개입찰 시 국산품에 가점을 적용하여 가격경쟁력에서 불리한 부분을 보완  3. 기대효과 - 수입 감소로 무역수지 개선, 국내기업 물량 증가로 기업 경기 활성화, 수급 및 사후관리(A/S) 용이  4. 상세 제안내용 1) 정부지원을 통해서 국내 산업을 육성하는 방안은 적극 추진 필요 국산화 유도를 위해서는 R&D 세제지원을 통한 투자 활성화가 가장 현실적인 방안이라 판단됨. 우선 매년 연장되는 임시 투자세액공제를 가능하면 영구화하여 기업들의 투자확대를 유도해야 함 또 R&D 비용에 대한 세액공제 확대도 고려해 볼만함. 현재 대기업의 연구개발비가 우리나라 총 R&D에서 차지하는 비중이 70%이상으로 높은 상태인데, 국산화를 유도하기 위해서는 이러한 투자・생산능력이 있는 대기업에 대한 지원을 확대하는 것이 효과적 그러나, 총액기준 R&D비용 세액공제율을 보았을 때 우리나라 대기업은 3~6%로 중소기업 25%에 비해서도 적고, 국제적으로도 공제율이 높지 않은 실정임. 대기업이 보다 R&D 투자를 늘릴 수 있도록 대기업의 연구 및 인력개발비 등 R&D 비용에 대한 세액공제 확대를 고려해 볼 필요가 있음 * 2009년부터 중소기업 R&D비용 세액감면을 15%에서 25%로 확대적용(조세특례제한법 제10조) * 주요국 R&D세액공제율(%, 대기업/중소기업): 한국(3˜6/25), 일본(8˜10/12), 캐나다(20/35), 포르투갈(20/20), 스페인(30/30) 등 중소 제조업체에 대해서는 네트워크론 확대 등을 통한 자금 지원책을 강구할 수 있음. 네트워크론은 담보능력이 없어 자금확보에 어려움을 겪고 있는 중소기업의 자금난을 해소하기 위해 ‘06. 7월 도입한 제도로서, 조달청과 계약한 업체가 별도의 담보 없이 조달청 계약서만으로 계약금약의 80%까지 생산소요자금을 쉽게 대출받을 수 있는 제도임 * 네트워크론 적용 시중은행은 06년 3개였으나, 최근(‘09.3월) 조달청・금융결제원・13개 시중은행 간 네 트워크론 MOU 체결로 적용은행이 13개로 확대되었음. 또한 이번 MOU 체결로 기업 적용대상도 총액계약(42%)에서 단가계약(58%)까지 확대 * 총액 및 단가계약 (총액계약) 계약목적물 전체에 대하여 단가가 아닌 총액으로 계약체결하는 것으로 통상적인 계약방법 (단가계약) 여러 기관에서 공통으로 사용하고 수요빈도가 높은 품목에 대하여 단가에 의하여 계약을 체결하는 방식 * 네트워크론 참여은행 확대 (현행) 기업은행, 우리은행, 하나은행(3개 은행) (확대) 기업은행, 우리은행, 하나은행은 재협약 경남은행, 국민은행, 광주은행, 농협중앙회, 대구은행, 부산은행, 신한은행, 제주은행, 전북은행, 제일은행 추가협약 (13개 시중은행 - 금융결제원이 정보중계)  <참고> 최근 국산화 성공사례 한국수력원자력은 한국씰마스타(주)와 함께 원전의 냉각 계통에 사용되는 핵심부품을 자체 개발하는 데 성공(‘09. 3월) 두 회사는 2004년부터 전량 수입에 의존해오던 고가의 정밀 핵심부품인 `원자로냉각재 펌프 밀봉장치의 국산화에 착수, 10억여원의 개발비를 공동투입해 5년간 자체개발 연구를 진행해왔음 금번 부품개발 성공은 원전 4호기에 들어가는 부품 구매비용의 대폭 절감 및 원전의 기술자립에 크게 기여할 전망이며, 향후 연간 120억~150억원 규모의 수입대체 효과가 예상됨 이는 대중소 상생협력에 의한 결과라는 점에서 더욱 의미있는 사례",,,,"안녕하십니까? 지식경제부 산업경제정책과 김상효입니다  먼저 귀하의 제안에 대해 깊은 감사의 말씀을 드리며 검토의견을 회신하오니 참고하시기 바랍니다.  임시투자세액공제제도는 기업들의 투자에 대해 세액공제를 부여함으로써 경기 활성화를 유도하기 위해 임시적으로 도입된 제도이나 최근들어 매년 일몰이 연장되어 동 제도를 항구화하자는 의견이 많은 것이 사실입니다. 물론 최근의 경기상황을 고려할 때 항구화하는 방법도 검토할 필요가 있겠지만, 동 제도가 항구화된다면 조세를 통한 경기조절능력이 많이 약화되는 부작용이 우려됩니다. 따라서 동 제도는 매년 그 필요성 여부를 깊이있게 검토하여 일몰여부를 결정하고 있으며 금년에는 특히 경기침체를 고려하여 기본 10%공제와 함께 투자증가분에 대해 추가적으로 10% 공제를 하여 공제폭을 대폭 늘려 운영하고 있습니다.  둘째, 네트워크론은 자금조달에 애로를 겪고 있는 중소기업을 지원하기 위해 도입된 제도로서 최근 상생협력의 확산에 따라 대기업과 관계 협력업체를 중심으로 더욱 활성화되고 있습니다. 정부도 이를 더욱 촉진하기 위해 작년 조세관련 법률을 개정하여 네트워크론을 실시하는 대기업에 대한 조세 지원을 확대하여 동 제도가 중소기업을 지원하는 주요한 방식으로 자리매김할 수 있도록 제도상의 인센티브를 부여하고 있습니다.  끝으로R&D 세액공제는 R&D 비용으로 적용받는 범위가 각 국가마다 달라 오로지 공제율만을 가지고 비교하기는 힘든 측면이 있습니다만 작년 중소기업의 공제율을 상향 조정한 것은 대기업에 비해 R&D 역량이 취약한 중소기업에게 보다 많은 유인을 제공하기 위한 것이었고 대기업에 있어서도 제도의 실효성 확보를 위해 R&D 적용방식을 대폭 완화하였습니다. 다만 지적하신바와 같이 우리나라 R&D를 선도하고 있는 대기업의 R&D확대를 위한 세액공제율 확대는 관계부처와 그 필요성 및 확대폭에 대해 심도 있는 논의를 필요한 사항이라 생각합니다. 대기업의 선도적 R&D 확대를 통한 경기부양 및 위기 후 다가올 미래를 보다 선제적으로 대응하기 위한 다각적인 방안에 대해 금년도 조세관련 법률 개정시 지적하신 내용을 조세 당국과 깊이있게 협의하도록 하겠습니다.  다시 한 번 귀하의 고견에 깊이 감사드립니다.",임시투자세액 공제 일몰연장 등을 기획재정부에 건의,,산업통상자원부,2009-03-31
원전,내용,중소기업 신재생에너지 산업분야 지원정책개발,2008-12-12,산업/방송/통신/과학,중소벤처기업부,"아래글을 먼저 읽러 주시고 그 다음 현행제도 및 운영실태와 문제점, 개선내용, 개선시 기대효과를 포함하여 여러분들과 정책을 개발 완성하겠습니다.  안녕하세요, 대전에 계시는 중소기업청 기업협력과 직원 여러분 !  중소기업 신재생에너지 투자 의욕의 향상을 도모하는데 전략을 개발하십시오.  이글을 오늘 틈틈히 또는 식사시간을 이용하여 읽어 주시고 다 함께 머리를 조아리며 지금 한국에서 중소기업들이 어떠한 형태로 신재생에너지 산업을 일구어야 되는지 전략을 만들어 봅시다.   ""떠 오르는 한국신재생에너지 산업""  미국 버락 오바마와 공화당 대선후보 존 메케인 미국 전역을 열광적으로 선거열풍이 불던 2008년 11월 네이버 카폐 한국신재생에너지동호회를 담당하는 서울 집무실에서는 해외 각국에서 돌아와 필자와 함께 어울리며 담소하는 참모진들 속에 이런 말들이 새어나오고 있었다.  『요새 세상에 석유보다 신재생에너지가 강자임을 극명하게 보여준 것이 바로 미국 대선 열풍이다. 석유의 나라를 쳐들어가 점령지에 자기 나라 젊은 군인을 파병하여 목숨을 바친 뒤, 전쟁에 승리했다고 만세를 부르는 정치가는 정말 바보이다. 국제사회가 이를 결코 그대로 두고 보지 않는다. 보복과 반격이 즉각 여론화되어 국제사회에서 왕따가 되기 때문이다. 미국의 부시가 지금 그런 꼴이다. 석유확보 수단으로 군사 침공은 남을 파괴하고 자기를 파괴시킬 따름이다. 이와 함께 세계 석유가격을 대폭 인상 할 뿐이다.  석유전쟁 다음으로 멍청한 짓이 핵 개발 사실을 시인한 이후 몇 가지를 핵문제 해결의 조건으로 제시한 북한당국 정책담당자들이다. 자기들이 제시한 정책기획안을 갖고 협의사항으로 추진되는 것은 물론 김 위원장에게 칭찬받는 일처럼 영광이며 기분이 좋다. 그러나 한 순간 기분이 좋다는 것일 뿐 그것으로 세상이 달라지는 것은 아무것도 없다.  전쟁에 일생을 바친 독일 나치집단 히틀러의 제 2차 세계대전중 독일은 석유 자원이 없음에도 불구하고 그토록 싸울 수 있었던 것은 [인조석유]에 의존하는 신재생에너지 기술, 천연가스를 일산화탄소와 수소에 분해하는 기술력이 우수하기 때문이다. 당시 세계 유수한 화학공장 IG파르벤社를 중심으로 독일 국내 12개 공장을 비밀리에 건설하여 대량 생산을 시작으로 1940년에는 연간 350만배럴 인조석유를 제조할 수 있었다.  이 숫자는 2차 세계 대전 당시 일본이 항복하기전 까지 사용하던 석유 소비량이다. 만약 일본이 당시 독일처럼 신재생에너지 산업분야 가스액화기법을 연구했다면 미국과 전쟁하는 일은 없었을 것이며 당시 진주만 공격에서도 실패하지 않았을 것이다.  당시 미국군부 H・E・캬멜 태평양 함대 사령장관이, 「일본군은 하와이의 연료탱크에는 전혀 공격을 하지 않았다. 만약 진주만 일대 석유가 염상하고 있으면, 미군 회복은 아마도 반년정도 늦었을 것이다 」라고 증언하고 있듯이 석유는 일본군에 있어서는 공격 목표에서까지 설정하지 않았던 실수는 지금까지 계속 후회하는 일본 군사내부 기록물의 것들이다.  독일의 인조석유는 품질도 우수하고 옥탄가96(고옥탄 가솔린 상당)의 제품 등은 항공기에 사용되었다. 그러나 인조석유의 코스트는 천연 석유의 45배 정도로 전시 경제를 더욱 압박하는 수단이 되어 결국 독일의 나치집단 패배의 한 요인으로 분석되고 있다.  (GTL:gas to liquids)이란 천연가스를 일산화탄소와 수소에 분해 한 후 분자 구조를 새로 짜 넣어 액체연료 등을 만드는 기술이다. 일본 쇼와 쉘석유는 이 기술을 이용한 등유를 시험적으로 발매하고 있다.  석유라면 언제나 세계 1,2등을 도맡아 경험하던 독일과 일본이 지금 태양광발전산업의 분야에서 어디에 있는가를 생각해보면 필자의 말이 무슨 말인지를 금방 알게 될 것이다. 진짜로 똑똑한 자는 그런 짓을 하지 않는다. 경제와 신재생에너지기술, 전력발전 문화 파워로 자기 영역을 알게 모르게 확장시키는 자가 현명한 자이다. 태양광발전 산업을 세계적으로 리더하는 국가가 바로 독일과 일본이다. 여기에 미국 29주 캐나다 9주를 포함한 중국 및 세계 66개국들이 재생에너지 이용촉진을 위한 정책목표와 전략을 급속하게 확장하고 있다.  국가도 마찬가지이다. 우수한 신에너지(수소, 연료전지, 석탄가스액화)와 재생에너지(태양광, 태양열, 바이오에너지, 풍력, 지열, 해양, 폐기물) 분야에서 기술문화와 에너지 경제는 여기에 저항하는 자가 없을 뿐더러 오히려 서로 앞을 다퉈가며 이를 받아들이려고 한다. 이것이 달라진 세계의 오늘날 세계의 모습이다』  이글을 오늘 틈틈히 또는 식사시간을 이용하여 읽어 주시고 다 함께 머리를 조아리며 지금 한국에서 중소기업들이 어떠한 형태로 신재생에너지 산업을 일구어야 되는지 전략을 만들어 봅시다.  대만은 기업 가운데, 98%가 중소기업이며 취업인구의 77%를 차지하는 등 중요한 경제의 지주입니다. 2009년에는, 중소기업의 수는 135만社, 매상고는 13조8000억대만원, 취업인구는799만명에 이를 전망입니다. 중소기업은 유연성이 풍부해, 새로운 것을 도입해 이노베이션(innovation)의 기업가 정신이 풍부해, 대만의 경제발전과 사회의 안정을 리드하는 중요한 요소가 되고 있습니다.  온실가스 감축을 위한 국제사회에서 세계 각국 66개국 중소기업들이 온실가스 감축을 위하여 다양하게 협력하고 노력하고 있습니다. 지금 환경 문제는 경직된 세계금융 사태에도 불구하고 적극 협력하는데 해당 국가정부기관과 은행 또는 정책이 다들 자기 나라 기업들이 해외 어디에서든지 지원하고 있다는 것은 바로 중소기업 협력정책이기도 합니다.  이미 가정용 풍력발전, 태양광발전, 하천을 이용한 작은 수력(소수력)발전과 가정에서 매일 나오는 쓰레기를 활용한 페기물에너지, 태양열을 이용한 건축구조물에서 에너지 절약시스템 등 신재생에너지 산업분야 전체 속에서 상상력을 펼치고 전개하는 것이 바로 지금의 세계적 흐름입니다.  지구전체 태양에서 받는 에너지는 지표나 해면에서 열로 바뀌어 극히 일부 지구 전체가 태양으로부터 받는 에너지는 지표나 해면에서 열로 교환되어 극히 일부가 바람이나 물결, 해류 등을 창출하는 에너지원이 됩니다. 이와 함께 화석연료도 태양에너지가 지중에 축전된 것입니다. 아래 사항은 바로 매초마다 에너지량을 산출한 근거자료입니다.  지구상의 클린 에너지원의 비교  에너지량  수력 매초 5 억Kcal 조석류 매초 7 억Kcal 지열 매초 77 억Kcal 풍력 매초 880 억Kcal 태양광 매초 420,000 억Kcal  (한국신재생에너지동호회(http://cafe.naver.com/posmanber) 자료실)  위와 같은 자료를 근거하는 이유는 대한민국에서 태양광발전을 시작하려면, 그리고 풍력발전을 준비하려면 또한 재생에너지 사업을 위하여 이리 저리 헤매고 다니면서 주변 국내외 시장동향을 살피면서 뛰어 다니는 사람들이 모두 다 가슴으로 제발 IMF와 같은 사태는 오지 말거라 하고 다닙니다. 신재생에너지 분야 중소기업을 시작하려면 친척이나 형제들도 도와주지 않습니다. 게다가 중소기업청에서도 도와주지 않습니다. 왜냐하면 친척이나 형제들, 그리고 중소기업청 기업협력과 직원들이 아직 신재생에너지 분야에 대하여 전무하다는 것입니다.  인터넷을 검색하시거 신에너지는 무엇이고 재생에너지는 무엇인가를 먼저 살펴 주십시오, 그리고 그러한 해당분야 사업을 시작하는 중소기업 입장에서 태양광발전을 하려면 어떤 절차나 관련기관 인허가를 내어야 하고 얼마나 많은 시간과 노력이 드는가 생각해 보십시오, 또한 이들은 외로운 가슴을 뒤로하고 서로 협력하려는 해당기업들과 심오한 노력을 함께하기도 하지만 또한 상생협력이 잘 안 되는 한국의 입장에선 해외시장에서 뛰어 다니기도 하지요.,  solar power system을 개발한 한국 중소기업 엔지니어의 사장은 안산시에서 수십년간 공장을 하고 있으며 여러 법인을 운영하고 있습니다. 그러나 그 분은 지난달 베트남에서 에너지전시회가 개최되어 한국기업 혼자 외로이 출전하여 당당하게 동남아 시장 접근을 매우 정확하게 하시는 50대 사장님과 필자와 얼마전 서울 서소문 근방 술좌석에서 이러한 대화를 한 적이 있습니다.  필자님 !. 한해 한해 점점 힘이 들어갑니다. 국내에서 이노비즈 하려면 몇 개월이 걸리고 무엇을 개발하고 해당기관 찾아다니면 몇 개월이 걸리고 중소기업에서 인건비가 비싼 요즈음 사장이 전부 이것저것 하면서 다니는데.......... 중소기업을 돕고 지원하는 기관에서는 전부 해당 부처를 잘못 방문했거나 법이 이렇습니다. 하는 통에 분해 터져 동남아 시장 나홀로 세일하여 주문을 접수하여 차라리 해외에 공장을 만들어 해외에서 사업하는 것이 제일 좋다는 것이랍니다.  중소기업청 기업협력과 직원 여러분 !  귀하들에게 방문하는 민원인들은 귀하들 만나기 전 얼마나 많은 노력을 경주하여 사업이 망하던 흥하던 그들은 기업을 키워 나가면서 새롭게 새로운 산업에 도전하려는 야심을 지원하는 것이 아니라 그러한 마음을 억제하고 있는 것은 여러분들의 언행과 태도입니다.  중소기업중앙회에서 상담하여 중소기업청에서 승인을 해 준다는 중소기업협동조합법에는 신재생에너지와 관련된 구체적인 법이 되어 있는지 살펴보십시오, 우리나라 제도에서는 중소기업들이 뭉쳐 해외시장 접근하는 제도는 협동화사업도 있고 협동조합 제도의 사업도 있습니다. 물론 무역협회 가입도 하고 KOTRA 회원사로 가입도 하고 하는 마음은 중소기업 사장 마음이지요,  그러나 귀하들은 제출한 서류 몇가지 만을 보고 검토하는데만 신경을 쓰고 있지 정말 해당 사장들의 해당 산업현장에서 마음의 자세를 읽지 못하고 있다는 점에 대해서 경직된 근무 자세를 하고 있다는 것입니다.  대만을 비교하는 것을 이해해 주십시오, 그것은 귀하들이 대만 사람들보다 덜 생각하고 덜 깨닯고 있다는 점이지요, 또한 신재생에너지 산업분야의 기초를 모르니 이 분야 중소기업을 어떻게 기업협력해야 하는가에 대한 방법을 전혀 모르고.......  오래전부터 내려온 협동조합법에 의하면 ..... 라고 이야기하는 아래 사람들이 있다면 ..... 아니야 세상이 변하고 있으니 자네 신재생에너지 산업분야를 공부하고 연구하여 정말 녹색성장에 뒤 받침 할 수 있는 전략을 개발하게, 하고 말하는 중간자들이 되어야 하지요,  지금 대만에서는 그린산업을 위한 중소기업자금협력에 의한 원조. (1) 중소기업의 신용보증을 강화. (2) 행정원 국가 발전 기금에 의한 전통 산업에 투자 촉진. ... 조치를 발전시키고, 조기의 「재생가능에너지. 발전 조례 ( 초안 )」(을)를 완성. 2. 산업의 레벨업이나 모델체인지 ... 등 이러한 용어가 무엇이냐면 대만에서는 이미 신재생에너지 산업분야 지원전략이 있다는 것이지요,  대만은 태평양상의 제주도보다 면적은 크지요,(36,000평방 킬로미터) 인구는 2,300만 명입니다. 여기에서, 수많은 중소기업분야 세계 기록이 탄생되고 있다는 것입니다.  대만은 한국과 마찬가지로 천연자원은 부족하고, 경제발전 초기 50년대, 경제적인 조건은 상대적으로 한국처럼 매우 열악했습니다. 50년대, 대만정부가 수입체대 정책을 추진하고 민생을 위한 공업의 기초를 굳혔습니다. 60년대, 노동력 집약형 공업의 수출 촉진 정책을 추진해, 수출 가공구를 마련해 수출을 장려해 자본을 축적했습니다. 70년대, 10 다이켄설 정책을 추진해, 중화학공업의 발전의 기초와 기반을 수립했습니다.  80년대 이후, 자본 및 기술 집약형 공업을 추진해, 신죽사이엔스파크를 창설하고, 화교계의 전문가 등을 맞아들여 전자 정보산업을 발전시켰습니다. 1953년부터 2005년까지, 대만의 매년 평균의 경제 성장률은 8%에 이르고 있습니다. 2006년에는 한 명당 평균 GDP 1만6,000달러를 웃돌아, 대외 무역 총액은 4,200억 달러 이상과 수출입 모두 세계에서 16번째의 규모에 이르는 등, 대만은 각국의 중요한 경제적 파트너가 되고 있습니다. 물론 한국과 경쟁 대상이 되기도 하고 모두 장단점이 있는 반면 대만은 한국보다 중소기업 협력 기능이 월등하기도 하다는 점이지요,  장기적인 경제성장을 근거로 본다면 대만정부는 「대만 투자 우선」의 이념을 추진하여 뛰어난 투자환경과 새로운 산업 발전의 신국면을 구축하는 것으로, 기업의 대만 투자를 증가시킬 수 있도록 전력하고 있습니다만 한국에서 해외 기업들이 투자를 마다하고 떠나는 이유가 무엇인지 중소기업청 기업협력과 직원 여러분들께서 가만히 가슴을 왼손에 대고 생각을 해 보십시오,  바로 귀하들이 갖고 있는 상식기준으로 한국의 중소기업들이 어려운 경제난국에서 신재생에너지 산업을 위해 피가 말라 애를 태우며 이리 저리 뛰어 다니면서 사업을 일구는 기업인들 당신의 입장에서 파악하지 않고 중소기업협동조합 법에 의하면 이러하고 어떤 법에 의하면 이러한 근거를 제시하는 실무자들의 소견이나 중소기업자들의 민원을 상대하는 담당 과장님께서는 매우 연약한 상식 기준을 갖고 있다는 것입니다.  세계 각 국가 정책이 변하고 한국에서도 오랜만에 경제를 경험한 주식회사 대한민국 대표이사 MB씨가 녹색성장을 표명한 마당에 녹색성장의 이념을 제대로 이해하지 못하고 있다는 점보다 우선 신재생에너지 산업분야에서 중소기업들이 어떤 형태로 협력하여 글로벌 시장으로 나가야 되는가 생각조차 못하고 있다는 점이 조금 우울합니다.  마이크로소프트 회장 빌 키이츠 씨는 대만을 방문할 때마다, 중소기업들이 이노베이션(innovation)하는 노력에 매료되거나 경탄을 하기도 합니다.  대만의 정보과학 기술 산업 덕분에 PC는 더욱 매력적으로, 보다 많은 사람들 모두에게 손에 닿기 쉬운 것이 되었습니다. 이것은 바로 중소기업들의 노력이었으며 귀하들과 비슷한 지원기관에서 적극적으로 (innovation)한다는 것이지요,  대만 경제부는, 경제정책의 제정과 시책의 집행을 맡습니다. 경제부의 업무 범위는, 무역, 공업, 수리, 국영사업, 상업, 중소기업, 투자, 지적 재산, 표준검사와 도량형, 에너지, 및 광업 등에 전반적입니다.  글로벌 경쟁과 도전에 직면하고 있는 중소기업 협력에는 전사적이며 특히 에너지와 관련된 일에는 더욱 적극적으로 이노베이션(innovation)과 스피디한 대응의 정신으로, 중소기업과 함께 대만 경제의 훌륭한 미래를 구축하고 있습니다.  무역지원정책 세계의 경제체제의 일원으로서 대만은 적극적으로 WTO, APEC, OECD 등의 국제 경제 무역 조직의 활동에 참여 해, 스스로의 발전의 경험을 기본으로 공헌하고 있습니다. 지역 통합과 신흥 국가의 발흥에 대해, 정부는 2국간 경제 무역 관계를 강화해, 무역의 간편화를 추진할 수 있도록 ,FTA에 조인을 협의하고 있습니다. 지금까지 파나마, 과테말라, 니카라과, 온두라스, 엘살바도르등 사이로 FTA에 조인했습니다. FTA에의 조인은, 대만의 세계경제에 대한 공헌 능력을 높여 대만 기업의 모든 무역 파트너의 이익에 협력합니다.  공업분야 정책 공업 정책의 면에서는, 디스플레이 산업, 자동차 부품, 기계 설비 등, 관련한 산업의 성장을 추진해, 수직 정합의 효과를 강화하는 것으로, 완전한 산업 체계를 확립해 가고 있습니다. 과학기술의 창조와 연구 개발을 향한 환경을 수립해 각종 지도 조치를 통해서, 무선 브로드밴드, 디지털 생활, 건강산업, 및 그린 산업(신재생에너지)의 발전을 특별하게 촉진하여, 전통 산업의 진흥에도 힘을 쏟는 것으로, 산업 발전의 새로운 국면을 만들어 내고 창출합니다.  대만 거대 기계 이사장류금표씨：대만 거대 기계는 세계 최대의 자전거 전문 메이커가 되어, 자이언트는 세계의 유명 브랜드가 되었습니다. OEM으로부터 국제 브랜드를 수립할 때까지 산업의 형태 전환으로, 경제부가 시의 적절한 협력은 성공의 열쇠입니다.  수리/국영사업 경제성장과 자원의 영속적 발전을 함께 달성하는 원칙의 아래, 경제부는 현유의 수자원, 광업 및 에너지 자원의 관리와 개발을 적극적으로 추진하고 있습니다. 민생 수요를 만족하는 것과 동시에, 경제발전과 환경보호의 밸런스도 중시하고 있어, 그린 산업 발전의 환경을 쌓아, 자원 이용의 효율을 개선하는 것으로, 영속적 발전을 달성합니다.  국영사업의 면에서는, 기업의 재생을 추진해, 사업 경영의 효율상승과 민영화를 추진합니다.이것에 의해, 민간 경영의 유연성과 활력을 주입해, 사업 경영의 발전을 촉진하고 있습니다.  서비스업 서비스업의 비중은 경제발전의 정도를 도모하는 지표의 하나로, 대만의 서비스업의 생산고는 국내 생산고의 70%이상에 이르고 있습니다. 목하, 정부는 전신, 금융, 도매, 소매, 음식, 물류, 유행 문화, 및 컨벤션 등의 비즈니스 서비스업, 및 정보 서비스, 연구 개발 설계, 컨설팅 등의 기술 서비스업을, 중점적인 발전 항목으로 하고 있습니다. 또 서비스업에 의한 제조업에의 서포트를 통해서, 타업종간의 융합으로부터 부가가치를 낳아, 서비스업을 경제성장의 새로운 원동력이 되도록 노력하고 있습니다.  중소기업 대만 기업 가운데, 98%는 중소기업에서, 취업인구의 77%를 차지하는 등 중요한 경제의 지주입니다. 2009년에는, 중소기업의 수는 135만社, 매상고는 13조8000억대만원, 취업인구는799만명에 이를 전망입니다. 중소기업은 유연성이 풍부해, 새로운 것을 도입해 이노베이션(innovation)의 기업가 정신이 풍부해, 대만의 경제발전과 사회의 안정을 리드하는 중요한 요소가 되고 있습니다.  한국보다 새로운 대만의 장점(우위성)  2-1 투자환경 대만은 아시아 태평양 지역의 중심에 위치하고 있고, 편리한 국제 해운과 항공 네트워크를 껴안고 있어 고웅항은 세계 제6위 정도 항구에 랭크되고 있습니다. 대만은 아시아 지역에서의 면밀한 비즈니스와 투자의 네트워크를 가지고 있습니다. 특히 대만 해협 양안의 경제 무역정책은, 「적극적인 관리, 효과적인 개방」의 주축의 아래에서, 정부가 대만에 깊게 위탁해, 글로벌인 경제발전을 위한 포진을 강화해 갈 것입니다. 다국적기업이 아시아 진출을 도모할 때의 베스트 파트너입니다. 다국적기업에 의한 대만에의 투자를 유치하기 위해 대만정부는 조세, 용지 등에 관한 우대조치를 제공해, 자금 취득이나 기업의 오퍼레이션에 협력하는 등, 외자계 기업에 플랜지의 서비스를 제공하고 있습니다.  2-2 지적 재산권의 보호 대만정부는 지적 재산권의 보호에 힘을 다하고 있어 법안의 제정. 수정 외에, 지적 재산권 전문 단속 팀의 구성 등을 실시해, 다국적기업의 대만에의 투자 의욕의 향상을 도모하고 있습니다. 정부는 연구 개발과 이노베이션(innovation)를 장려하고 있습니다. 대만의 과학기술과 창조력은 오랜 세월에 걸쳐 세계에서도 톱 클래스에 위치하고 있어, 미국에서의 특허 획득 건수는, 대만은 제4위 정도였습니다.  2-3 창의와 연구 개발 대만 정부는 연구 개발 경비의 비중을 확대해, 산업의 인재육성의 범위를 확대해, 해외의 우수한 인재를 흡수해, 연구 개발과 설계 수준의 향상을 끊임없이 재촉하고 있습니다. 하이테크 인재의 풍부하게 있는 것으로 산업 클러스터에 있어서의 우위성은, 글로벌인 하이테크 기업이 대만에 연구 개발 설계 센터를 설치하는 동기가 되어 있습니다.  인텔 CEO 클레이그・바렛트：대만에 연구 개발 센터를 설치할 수 있어 기뻐하고 있습니다.  이것은 인텔의 아시아에 있어서의 가장 적극적인 연구 개발 센터에서, 매우 장래성이 있습니다. 대만에는 뛰어난 교육기관과 진취의 기풍이 풍부한 기업군이 있기 때문입니다.  2-4 국제적인 경쟁력 세계경제 포럼의 평가에 의하면, 대만의 전세계 에 있어서 경쟁력은 제13위, 아시아에서 제4위입니다..미국 비즈니스 환경 리스크 평가사에 의하면, 대만의 투자환경은 세계에서 제6위, 아시아에서 제3위입니다.  3：지식의 리드에서 세계를 향하고 있습니다. 3-1고부가 가치의 서비스 지식 경제의 발전의 추세를 받고, 대만 경제도 생산으로부터 이노베이션(innovation), 브랜드 지향으로 전환해, 동시에 고부가 가치 제품과 서비스의 공급 센터가 되었습니다.  3-2 대만 브랜드 대만 경제부는 「대만 브랜드」계획을 통해서, 벤처 캐피털・펀드의 설립 등의 시책을 실시했습니다. 이것에 의해 기업의 저가격으로의 판매 확대 전략이라고 말하는 지금까지의 모델을 타파해, 국제 브랜드의 확립을 재촉하는 것으로, 고부가 가치의 브란드 마케티그의 실현을 도모하고 있습니다.  3-3 글로벌인 포진 대만 경제부는, 세계의 지역 특성 마다, 산업 발전 전략을 책정해, 산업기술의 협력과 우호국과의 호혜주의, 대외관계의 개척 등을 통해서, 기업의 글로벌인 포진을 서포트해 갑니다.  3-4 미래를 전망 장래에 대해, 경제부는 「이노베이션(innovation)」를 주축으로 한 경제 무역정책을 추진해, 기업의 대만에의 투자를 재촉하는 것과 동시에,M-대만의 무선 브로드밴드를 이용해, 기업의 경쟁력 강화, 취업 기회를 만들어 내고 있습니다. 그리고 2015년 국민소득 3만달러의 목표를 실현시킬 수 있도록, 대만 경제의 한층 더 발전, 나아가서는 세계에의 새로운 공헌을 실현해 가는 중소기업 지원 정책을 전개하고 있습니다.  중소기업청 기업협력과 직원 여러분 한국신재생에너지동호회는 다년간의 신재생에너지 산업 전반적인 분야의 노하우로 전략적인 회원간에 파트너쉽으로 구축되었으며, 각 분야의 최고의 전문가들과 함께 대한민국 No.1 신재생에너지 컨설팅사업의 매니지먼트를 위해 탄생하였으며 많은 재생에너지 사업자(태양광, 풍력, 페기물에너지, 소수력발전 등)들의 비즈니스 모델을 육성뿐만 아니라 기존 재생에너지사업 및 건축구조물 신재생에너지 설비 프로덕션과의 연계고리를 통해 다양한 진로 및 상호간의 네트웍의 중심이 되고자 노력하고 있는 한국신재생에너지동호회 회원들은 크고 작은 중소기업자들의 모임입니다. 지금 4년째 이러한 일들은 자생적으로 해 나가고 있으며 회원사가 일천개 社가 초월하고 있습니다.  감사합니다.",,,,신재생에너지분야에 있어 지원필요,중소기업협동조합 설립인가 신청에 따른 제안 설명으로 조합설립하는데 적극 검토키로 함,,중소벤처기업부,2008-12-16
원전,내용,용역제도 개선에 대한 제안,2008-03-27,노동/환경,고용노동부,"안녕하세요, 새정부 들어 여러개선안을 마련하시느라 수고많으십니다. 좋은 개선안들이 많이 많들어저 추진되는 것을 보니 희망이 보입니다.  저는 한가지 용역근로자의 한사람으로써 용역근로계약자의 한을 말씀드리고 싶어 새벽같이 일어나 이글을 씁니다. 신분상 저의 신상을 공개하는 것이 매우 조심스럽습니다. 알려지면 어떤 불이익이 있을지 모릅니다.  간단히 저와 제가 일하는곳을 소개하겠습니다. 저는 한전 산하 한전원전연료(주)에 9년째 근무하고 있습니다. 벌써 10년에 가까이 됬습니다. 먼저 용역근로자의 처우(고용계약)이 얼마나 계약시작부터 불공정하고 불안정한가 알려드리고자 합니다. 몇년전까지만해도 용역계약이 1년단위 였습니다. 매년 용역업체가 바뀌어서 정말로 파리목숨으로 조마조마한 마음으로 회사를 다녔습니다. 과 4~5년 전입니다. 지금은 3년단위로 입찰과정을 거쳐 용역회사가 선정되고, 어떤회사가 오느냐에 따라서 직원들이 순식간에 바뀝니다. 한마디로 임금을 많이 받고, 나이가 많을 수록 아무런 하소연못하고, 나가라하면 나가야됩니다. 그리고 용역 계약단가가 올랐어도 임금이상이나 처우개선을 요구할 수 없습니다. 주로 정직원(원청직원)들이 하지 않는 3D의 일을 맡아서하며 일을 많이하고, 시키면 시키는 데로 해야합니다.  어디 하소연도 못하고 복지시설 이용에도 원청직원들과는 전혀 상관없이 눈치를 보며 체육시설등 을 이용해야합니다. 근태관리에 있어서도 용역직원들이 먼저 경고를 받아야하고, 위헙을 가합니다. 예를 들면 비표도 색깔을 달리하고, 부착할때도 코팅해서 부착하면 바로 압수하고 빼앗아버린다고 위협합니다. 원청 정직원들에게는 해당사항이 없습니다. 원청회사와의 근로계약도 보면 현대판 노예계약서와 같습니다. 갑(원청회사)을(용역회사)의 용역사방서를 보면 갑이 원하면 시킨데로 해야하고, 중간에 인원이 필요없으면 짤라도 아무말 못하게 되어있습니다. 아마도 용역회사와의 계약 내용을 보면 비단 우리회사뿐만아니라 대부분 불공정하게 되있을 것이라봅니다.  이러한 불공정 내용이 하루속히 개선되어야 된다고 봅니다. 아울러 깊이 있는 용역계약의 검토'시정이 있어야 된다고 봅니다. 그리고 용역계약을 수주한 회사에되 일방적인 인사권,임금착취등 이러한 불공정한 처우도 개선시켜야할 심각한 과재라 여겨집니다. 한가지 예를 들겠습니다. 만일 한 용역업체가 원청회사로부터 용역계약을 맺었다고 할때, 계약단가가 높아저 계약했다고 했을때, 분명히 이부분을 반영해서 용역회사의 직원들 급여나 처우개선을 위해 비용을 지출해야 마땅합니다. 그러나 이부분을 전혀고려하지 않습니다.  처음 계약맺은 금액 그대로 3년 쭉가고 또 다른 회사가 오면 처음 받은 급여수준으로 또 계속갑니다. 저는 현재 9년째 됬지만 급여인상 기대못해봤습니다. 불과 4년까지만해도 140만받았습니다. 고용안정과 정당한 급여인상분보장, 처우개선이 정말로 필요합니다.  정말 도와주세요, 저와같이 용역근로자들이 대한민국에는 한둘이 아닙니다. 대부분 용역근로자로 일하는 사람들은 힘없고, 배우지 못한 사람들입니다. 어찌보면 서민층에도 못미치는 사람들입니다. 불해아하게도 저의 어머니는 식당에서 용역근로자로 일하고 있습니다. 어머니도 보면 원청회사에서 많은 부분 급여에서 떼어가는 부분이 많다고 합니다.  참으로 얼마나 불공정하고 부당한 요소가 많습니까? 원청회사로부터의 차별,무시로부터해서 용역회사로부터 임금을 착취당하고, 승진이나 월급인상은 기대밖의 일이요, 언제짤릴지 모르는 고용불안, 정말로 이세상에서 용역이라는 형태의 근로계약은 없어져야 됩니다.  소수의 원청회사와 용역회사만을 배불르게 해주는 경우가 허다합니다.  KTX난 여러곳에서 계약근로자들의 애로사항을 피터지게 주장하지요, 심지어 고공시위도 하면서 그렇게합니다 하지만 용역근로자들은 이조차 못하는 배우지못한 약자들이 많습니다. 이배우지 못한 사람들중에는 우리 사랑하는 부모등 연로하신 분들이 많습니다. 정말 개선이 필요합니다. 도와주십시요.  한가지만 더 기가막힌 사실을 말씀드리고 마칩니다. 원청회사에도 때때로 정직원, 계약직 사원을 뽑습니다. 불행하게도 전공이 맞지 않아, 나이가 많아 지원못했습니다만 몇년전 계약직 근로자를 뽑았는데, 한 2년 되니 정직으로 전환되더러고요, 그런데 9년 10년 된 저희 용역직 근로자들은 이런한 기회도 없습니다. 왠지 아십니까? 용역이고, 회사가 다르다는 이유때문이죠, 연수가되도 봉금인상이나 승진은 고사하고, 오래되고 연봉조금더 받는다고 해서 해고되는 일순이가 되니 이러한 불합리,불공정, 억울한면이 어디있을까요?  최소한 한곳에서 올해 일했으면 그만큼 인정받은 것이고 최소한 계속 일을 할 수는 있게 해야하지 않나요? 용역으로 일하는 사람들은 가족이 없겠습니까? 그렇지 않잖아요, 참으로 안타갑습니다. 원청직원들을 정말 월급도 많이 받습니다. 설등 귀성비도 80이상, 우리는 많아야 20인데 올해는 그것도 5만원받았습니다. 너무나 차이가 납니다. 그렇다고 고용이 안정은 생각지도 못합니다.  너무 장황하게 여기까지 쓰게되었습니다. 정말 노동부등 관계당국자들께서 정말 용역근로자들의 처우 개선에 관심을 가져주시길 간곡히 당부드립니다. 이글을 쓰는 저뿐만아니라 수많은 부모형제들이 약자로 마치 현대판 노예제도와 같은 체제에 심음하고 있습니다. 개선을 위해서 제발 와주시길부탁드립니다.  감사합니다. 대전에서 한 용역근로자 올림.",,,,"1. 귀하께서 2008.3.27 참여마당신문고에 신청한(번호 : 1AB-0803-004606) 질의에 대하여 다음과 같이 회신합니다. 2. 귀하께서는 용역근로자의 경우 저임금에 고용불안을 겪고 있으며 원청업체 근로자가 기피하는 일을 하면서도 차별대우를 받는 등 불합리한 점을 지적하면서 용역근로자를 보호할 수 있는 대책이 필요함을 지적하신 것으로 보입니다. 3. 우리부는 '97년 외환위기 이후 지속적으로 증가하면서 사회문제로 대두되었던 비정규직 근로자에 대한 차별과 남용 문제를 해소하기 위해 비정규직법(「기간제 및 단시간근로자 보호 등에 관한 법률」, 「파견근로자보호 등에 관한 법률」, 「노동위원회법」)을 마련하여 2007.7.1부터 시행하고 있습니다. - 동 법의 시행으로 비정규직근로자의 고용안정 및 근로조건 개선 효과가 나타나고 있지만 사용기간 제한과 차별시정제도의 적용에 따른 부담으로 일부 기업에서는 외주용역으로 전환하는 경우가 발생하는 등, 고용불안 문제를 제기하며 법에 대한 보완이 필요하다고 지적하는 비정규직근로자들도 있습니다. 4. 이에 정부는 금년 7월부터 확대 적용되는 비정규직법이 사업장에 제대로 정착되도록 노력하면서, 사내하도급 대책 등 입법적 보완이 필요한 사항에 대해서는 노사정간 충분한 협의를 거쳐 합리적 대안을 마련해 나갈 예정임을 알려드립니다. 끝.",없음,,고용노동부,2008-04-02
